track_id,alpha,K
0,0.9448048378117591,362.66483349409185
1,1.6001278566548773,13.953614566631154
2,-1.2873997576035103,5.252671812090232
3,1.4081819760714258,12.776712314565643
4,-0.09829297361617646,301.3449752525178
5,0.4958641513881349,2.718623969617971
6,1.4849359255833994,6.5487095834298
7,-2.7078780308143227,410.9472772973653
8,0.3142062593725133,18.974119379980447
9,0.02563316247340166,362.35353039821837
10,1.5850367257466207,9.175876905201902
11,1.1965580113549394,16.031974025701345
12,0.664557373980117,8.726588301212335
13,1.2337943167905068,3.891607258617744
14,0.8593933666786033,72.13889156887188
15,1.0137440509088649,344.68275097557745
16,0.026891255264045413,635.2853719542387
17,0.6264989361997366,161.35292543068022
18,,
19,0.25670219397252725,356.7566887934141
20,1.3525305318024945,8.317827211576503
21,-0.8838183914894767,1.5721331325883183
22,0.9673263345083519,6.483100648734748
23,0.6156516413741616,172.86943627587655
24,,
25,1.0101309770969695,25.030796372752643
26,0.9622960154668556,129.90187001840786
27,0.13438099205421736,931.6263578354487
28,,
29,-0.18489237210247875,2.160008802693895
30,,
31,1.1883580260479116,3.298295642444407
32,,
33,0.14451171631417933,265.5123041019664
34,,
35,0.8079368939304774,28.70653171045115
36,0.5078385608666752,2.3710324248727397
37,,
38,0.7858192982414347,22.013366890500702
39,,
40,0.602913822147622,177.17122670824762
41,0.0630929533533725,340.49048926170775
42,,
43,,
44,0.7211507344541036,5.0385854836934465
45,,
46,,
47,,
48,1.4553311053423763,19.124647055759368
49,1.0034537920012983,217.3536086445056
50,0.4799676554515006,0.42079228280155956
51,-5.024198694507427,96.97925131866647
52,0.7753699332246485,45.53497858301524
53,,
54,,
55,,
56,,
57,,
58,1.4636545754868575,11.97956996582088
59,,
60,0.4792970412237692,36.1402513543861
61,,
62,0.15834773799828838,6.949258777244418
63,0.23690970435494912,254.19665791520995
64,,
65,1.7917962000533731,14.536942459321052
66,-1.636156324453185,84.75609503818372
67,1.4513575081799799,22.15209677544609
68,0.5418104397799032,68.95133693666948
69,0.44013774028767616,559.8406057383575
70,,
71,,
72,,
73,,
74,,
75,,
76,-0.19713384758203698,660.2363804379888
77,,
78,1.2374937437146072,22.098470074754914
79,1.9951943460362427,190.8461179093393
80,,
81,0.3309948815972592,85.83421400671781
82,,
83,0.9419083593103359,8.960654114628209
84,,
85,0.8479690819571717,22.17648892239285
86,1.7666272129423386,4.103803270724895
87,0.14223620000989504,88.22211295918711
88,,
89,,
90,,
91,,
92,,
93,0.662062659215109,197.18462188188576
94,,
95,,
96,,
97,0.19702066573288762,123.39940448871654
98,,
99,,
100,1.1012227274512283,109.6062741915155
101,,
102,,
103,,
104,,
105,,
106,,
107,,
108,-0.16176142685497685,104.89108553537092
109,1.7593714984634035,422.19939444582786
110,,
111,,
112,,
113,,
114,0.1708092287608999,244.72680283069766
115,,
116,-13.444264318831015,374.69887536014943
117,,
118,,
119,,
120,0.8924793197126005,38.263762097136365
121,,
122,-0.2580648522252915,24.79521064541581
123,0.5492362220872855,423.93082943345235
124,,
125,-0.052731967043407955,679.6202531881491
126,-0.7018967198095647,2.2875635314397567
127,1.0082329362333544,72.77139280751985
128,,
129,,
130,,
131,,
132,0.6864333476432807,40.69914529339281
133,,
134,,
135,,
136,0.9966842221366394,399.4622198493614
137,,
138,0.39882511169376056,60.27354476789743
139,,
140,,
141,,
142,,
143,,
144,,
145,,
146,,
147,0.34310662840540507,411.1569934672782
148,-1.998630479488663,19.452298892541894
149,,
150,,
151,,
152,,
153,0.1395638807957475,30.771739638568228
154,0.3385694631412686,13.569542510052235
155,,
156,,
157,1.4393289532148554,125.13099434049352
158,-1.6087086687809327,294.8035102990561
159,,
160,,
161,,
162,,
163,-1.366023459292039,543.4038017680397
164,-0.5501412433146451,40.916410342276244
165,,
166,,
167,,
168,,
169,1.0138736581064625,37.09193511371872
170,,
171,1.461612293029149,20.361520223011
172,,
173,,
174,,
175,,
176,,
177,,
178,,
179,,
180,,
181,,
182,0.16473870288969286,139.455625128229
183,,
184,1.4718402577157361,394.1724791789267
185,,
186,0.4108544464417424,635.4984551344085
187,,
188,0.9745118447073097,6.966685569885119
189,,
190,,
191,-0.5731117569243767,493.8153757316895
192,0.8956150917221295,12.178447351753254
193,,
194,,
195,,
196,,
197,,
198,0.7870965026858459,35.41527998271204
199,0.14686009141876252,745.9618038419984
200,-3.3508692829644158,422.0607695719329
201,,
202,0.9596614189441143,43.22926248563618
203,,
204,,
205,0.12820997141377052,29.692271738764347
206,,
207,0.34856364772376464,7.390059821885688
208,,
209,1.4201332020355326,43.112106451520454
210,,
211,,
212,,
213,,
214,-0.6762410670135444,371.16335286666487
215,-2.4223468993722053,217.75214733938824
216,-0.22634374649318836,45.10565138070193
217,,
218,,
219,,
220,,
221,,
222,0.5440753778400556,11.146715244136821
223,,
224,0.3244467094275299,445.567613594193
225,-0.16241865564193397,18.18253704953368
226,0.9774465606151426,12.783440600353705
227,0.9690036262101012,37.60507139249779
228,,
229,0.3536639450603985,4.463018371225086
230,1.4503284518135038,32.55289820483521
231,0.08661470297846706,95.98846566557714
232,,
233,,
234,,
235,,
236,,
237,-4.690955023699222,33.524124308907226
238,-0.5814825531706923,937.7100879370231
239,-2.0776581906855016,92.87379301423923
240,0.8091346235401203,105.14936587277002
241,,
242,,
243,,
244,,
245,,
246,,
247,0.14835428406956044,28.51965773387293
248,0.5039985194499648,12.314048905629626
249,-2.8724612427533396,1.5207170568944157
250,,
251,,
252,,
253,,
254,0.86432573445977,4.951179667669578
255,,
256,,
257,,
258,,
259,1.9396407043176132,74.93640820938133
260,,
261,0.22549555810502814,14.815157611034744
262,,
263,,
264,-0.6285058404350634,10.605696812334916
265,1.157547902830908,39.64517686784739
266,0.8997422720344449,269.5903227269735
267,,
268,,
269,,
270,0.09404180602869261,198.58124247866135
271,,
272,,
273,0.9323208730967723,99.16357993118572
274,,
275,,
276,,
277,,
278,,
279,,
280,,
281,,
282,,
283,-0.46106077666252104,32.782576751133405
284,,
285,,
286,0.09053361878460872,7.119218300019044
287,,
288,,
289,,
290,1.0164004366044839,68.42316639607326
291,,
292,,
293,,
294,,
295,-1.6581180190627756,22.678596739775323
296,,
297,,
298,1.511891129711595,97.51496326032535
299,-1.655594901512437,408.45520456242105
300,,
301,,
302,,
303,,
304,,
305,,
306,-1.1572629970383341,1442.6846834941573
307,,
308,,
309,0.7048188455968568,6.752197355767586
310,,
311,,
312,,
313,0.01950497445676275,146.28292932420018
314,-0.4781017485792863,66.12070954124749
315,,
316,,
317,,
318,0.08095685063237311,515.3827011139157
319,-0.09250347462123497,214.43038420548106
320,,
321,-1.0843610160100416,56.29831118234146
322,,
323,1.9347770039493861,32.92165395075226
324,,
325,,
326,,
327,,
328,1.687809936959631,37.327259837462236
329,,
330,,
331,0.06818015007469279,5.985285782574668
332,,
333,,
334,,
335,,
336,0.42328522531298285,71.47446122112974
337,,
338,0.4419670151914664,10.750146905210034
339,,
340,,
341,,
342,,
343,,
344,0.005433718580650041,296.2419359272289
345,0.6357650267621169,5.208982046919097
346,,
347,,
348,,
349,,
350,,
351,,
352,,
353,,
354,,
355,1.6129139972675632,34.15888436999821
356,,
357,,
358,,
359,,
360,,
361,,
362,-0.2729484835344303,813.7240090780352
363,,
364,,
365,0.037041822545845655,14.357427294251334
366,,
367,0.958052771722972,247.7982519526726
368,,
369,,
370,,
371,,
372,-1.0455015407502548,165.98627321766924
373,,
374,0.7122619158571528,115.88263597729309
375,,
376,-0.04969062761941445,180.73503130294256
377,,
378,,
379,0.260412495601174,11.836696663226649
380,,
381,-2.527212387279874,131.17181316421357
382,,
383,,
384,1.216250825679972,21.281878077143922
385,,
386,,
387,,
388,,
389,,
390,,
391,,
392,,
393,1.9752756304041044,6.715100381626758
394,,
395,,
396,1.088946158552828,44.78601936057574
397,0.06746972901446734,9.839246241265025
398,-0.1549182536791665,414.04551841926013
399,0.6704671630444312,58.96893256927124
400,1.3320751126187835,342.0772447302022
401,0.4787824374748558,45.24318018118291
402,1.7362460887776456,3.1848118505455423
403,,
404,0.31147626858456906,5.2739713034254345
405,-1.4860284928655079,412.93912802900115
406,0.07343511169349502,13.325167848876951
407,,
408,,
409,,
410,,
411,-1.6531179844129464,134.00617619330484
412,1.7630332937714082,17.09810986157334
413,,
414,,
415,,
416,,
417,,
418,,
419,,
420,,
421,,
422,,
423,,
424,0.11991236863024193,200.8877825765198
425,,
426,0.6085296922491996,371.9935520167369
427,,
428,,
429,,
430,0.030771110143551442,1523.2385113877144
431,,
432,1.8274923655325384,8.201591483860309
433,0.06995018947650536,941.9081183675692
434,-0.5619480965079431,900.2743836800977
435,,
436,1.6791302921225393,1.877529388511703
437,0.8492761580843157,121.01394444863752
438,,
439,,
440,0.38611785158549317,407.2516680390177
441,1.303838593136292,260.06539878414566
442,,
443,,
444,0.3761692900538264,450.58976380807024
445,,
446,-0.8967782034354288,52.33268552551218
447,,
448,0.9936800768164162,1.3496705019346806
449,1.687545050838121,216.01794064117257
450,,
451,0.311347512624578,308.3153342209612
452,-0.18047937560287464,398.38057582809665
453,,
454,0.5343274140887263,569.3422448529241
455,,
456,,
457,0.3727079188290549,60.623765461792175
458,,
459,0.6586561181221325,68.54855873226505
460,-0.8694149617888532,183.56347518941402
461,0.19933558348222258,263.02249795936586
462,,
463,,
464,1.51266542388048,17.055987867287865
465,0.010703876990001377,1.6548120186159265
466,-0.08543139110275555,219.19932192637307
467,1.6287050250112962,2.8986026473807316
468,-1.9213365562630993,421.55939718961906
469,1.4805657111437638,60.48753227675626
470,1.6856066352233172,13.51661811779925
471,,
472,,
473,,
474,,
475,,
476,,
477,1.542966235209125,2.3416994874322916
478,,
479,,
480,-2.37457637536599,200.32995408634147
481,,
482,,
483,0.2173999809228334,311.2000032414225
484,,
485,0.24984971931540984,209.20909828392132
486,,
487,1.5289658653546785,7.315949267699882
488,,
489,,
490,,
491,,
492,,
493,,
494,,
495,,
496,,
497,1.3351070970891679,210.29276024210665
498,,
499,1.1192568891986974,122.89085721034336
500,,
501,-0.0373207467082368,296.0935355597172
502,0.01153472264887455,3.120245215391436
503,,
504,,
505,0.8430596828916156,217.9709193013243
506,0.13278178275747402,797.2612312070627
507,0.66146557311948,234.61787950319209
508,-0.0855397151963602,321.61971743551015
509,,
510,,
511,0.42996256441961017,108.2003683728983
512,0.5568786991646286,171.8730706915412
513,,
514,-0.4273206568227246,4.351282159207653
515,,
516,,
517,,
518,0.6587662133188263,3.3702952182696664
519,0.48869867693598895,661.9266099875961
520,,
521,,
522,,
523,1.4202373773650738,295.1225160574382
524,0.7370348036853624,84.6970116335979
525,1.3935052484272454,52.87539245898088
526,,
527,,
528,,
529,-1.118301508734689,0.8789850309388161
530,,
531,-1.2515608291102658,52.66722188961179
532,,
533,,
534,,
535,,
536,1.4357171019877104,1.3979416466546795
537,,
538,0.9488999798507576,2.8530823027034677
539,0.46401704675164485,4.372392428267808
540,1.1033282053376074,39.767893967725286
541,,
542,-0.06382941426406473,106.94320909182832
543,0.4133551874295831,1.97562955342403
544,1.3088334616965112,37.149724365408666
545,1.4225433599640591,14.89077414112358
546,0.2231942504864919,12.044888261643653
547,0.6447807540190855,4.038509840134172
548,,
549,1.2864646911684585,39.010172586868414
550,-1.9430376132279936,15.564500332280968
551,,
552,-0.15669592612006739,1174.9632371563418
553,-0.12568690384071043,17.747702705649882
554,1.084182303752095,132.20333348479116
555,-0.9960770306034268,237.77608540312673
556,0.14294980113999897,6.748007925414988
557,1.936001637912069,13.906751029312094
558,0.10380689998558808,359.7398204977776
559,0.376357643504723,8.682213797846435
560,-0.6290757882181145,18.658589115772244
561,0.0789374045977733,390.9644212310518
562,0.32260773532255566,69.12765063366285
563,0.14751643307721557,68.78772183435314
564,0.018581646679451457,220.38197270693
565,-0.3046466303697283,4.348014692385774
566,-0.7524593156288303,244.9393872826145
567,-1.405667733313335,285.03677116145724
568,,
569,,
570,1.3882681363148186,178.95352369859182
571,1.568069570730709,1.5000803090028523
572,,
573,,
574,,
575,,
576,,
577,,
578,0.6092140259956935,42.55752734925346
579,,
580,,
581,,
582,,
583,,
584,,
585,,
586,,
587,,
588,1.871566472201941,34.394407970987906
589,0.6058899590815776,70.61336274123967
590,1.1128723104248426,36.208910527582546
591,1.0166789840562713,346.9914582633407
592,,
593,,
594,,
595,,
596,,
597,,
598,0.9471681984495781,78.22294361398983
599,,
600,,
601,,
602,0.11878358555983681,66.6473773576629
603,,
604,-0.007886510110099148,399.1587319183294
605,0.03452149555562646,389.7159459192158
606,,
607,,
608,,
609,,
610,-1.6837670238472535,4.5827991901580525
611,0.5192923268240668,3.40863782536441
612,,
613,,
614,-2.412638528342798,495.0111414958746
615,0.34421963097901587,12.245331780409533
616,,
617,,
618,0.3080771850314651,13.831918313891066
619,,
620,0.8851790525429987,338.3698459094292
621,-7.854351182134995,66.70538869202531
622,,
623,0.6002958160454802,49.33900416421326
624,,
625,-0.4887371378652611,5.025467503906361
626,-0.12023340497481363,185.05234017753952
627,,
628,,
629,,
630,,
631,,
632,-1.0310943291804864,26.975452800308133
633,,
634,,
635,,
636,,
637,,
638,,
639,1.4377223542359243,8.858173825278786
640,-1.4687026132272876,41.011230598863435
641,,
642,0.6945625234915852,87.27556082574787
643,,
644,-0.5566891590343203,699.2409568033595
645,,
646,0.8066611424164504,76.21173038544183
647,0.9803389626292962,26.411411754438575
648,,
649,,
650,,
651,1.5446026674348703,46.55584626347077
652,,
653,0.1216603074779183,12.880130117600357
654,,
655,,
656,,
657,0.3773972537051684,7.818012516937997
658,-0.14804726745119132,13.919344933601332
659,0.9492620923346942,7.117554326451231
660,-0.8747770671156236,45.81803605338418
661,,
662,,
663,1.003901882364016,5.170129277365505
664,,
665,,
666,,
667,-1.2630970710152185,204.85905576213034
668,0.07373517107970749,18.87940192032181
669,,
670,,
671,0.14703494196330164,0.870662330514143
672,,
673,,
674,,
675,,
676,-1.0150364285337012,16.831589793734548
677,,
678,-0.5053492493705026,83.48543840237537
679,-2.477089335571526,43.07884391750138
680,,
681,0.6001037190683294,20.022990164030322
682,,
683,,
684,,
685,,
686,,
687,-1.2008258039805515,148.46339239190755
688,0.0001510170046915881,22.451838586057228
689,,
690,,
691,-0.7092383098626359,37.95522992436134
692,,
693,,
694,1.2197143100771353,6.854057221831934
695,,
696,,
697,0.057850514069325766,285.01256401137346
698,,
699,0.21523825028904103,132.44728905118612
700,0.02942182127192521,388.23398201036554
701,1.1274028411999282,202.18216418128324
702,,
703,0.4857721561145716,234.14801533041253
704,,
705,,
706,,
707,,
708,,
709,-0.26616953589247305,592.2669006356493
710,0.18560364640103766,117.58406802935335
711,0.4181524417435851,2.356317276855254
712,,
713,-1.734152433475936,0.5295553587297137
714,,
715,-0.3095690143744263,5.406225881773782
716,-0.01586204847974006,456.9933683020951
717,,
718,,
719,,
720,,
721,,
722,-4.812914186441565,2.1626209546555635
723,,
724,,
725,,
726,,
727,,
728,1.027215536128772,1.5441382617918868
729,,
730,-0.08757843343720535,642.9642531570422
731,-0.20551817359477445,276.2136526497314
732,,
733,,
734,-1.1886750991934243,320.27170013053416
735,,
736,,
737,,
738,,
739,,
740,-0.005494804630115638,5.3526504495683795
741,0.4724972639148404,2.0992979005461794
742,1.5046445919717837,272.53214859509546
743,,
744,,
745,,
746,,
747,,
748,-0.7194099780018419,26.977810373561166
749,0.9880628221433192,66.66859560072346
750,,
751,,
752,0.49450822526970895,106.33381603132686
753,,
754,,
755,-3.566059187412087,32.82254176282343
756,,
757,,
758,,
759,-0.8913197919529768,337.13089818018443
760,1.1275175439224168,1.924671457059708
761,,
762,,
763,,
764,,
765,,
766,,
767,,
768,,
769,-0.5287586780132796,0.3722566764618354
770,,
771,-1.5583717735197402,424.3914061256282
772,,
773,,
774,,
775,-1.09971572429556,186.68106088681733
776,0.12109824520900903,10.589824678777568
777,1.4860677615063322,242.62905429100823
778,,
779,-0.050865510142158246,474.19078697480336
780,,
781,-3.485827488551837,116.12027948218432
782,,
783,0.7798203637811781,78.03763890150714
784,,
785,,
786,,
787,-0.6610766061993267,600.4734141492577
788,,
789,1.8315938881336489,188.33674586113787
790,,
791,,
792,,
793,,
794,,
795,,
796,,
797,0.1884373017854568,412.03481472910516
798,,
799,,
800,,
801,1.427984533312173,10.525988369665786
802,-0.620777984589256,184.86963153696055
803,0.5135864479417669,84.65257889086844
804,,
805,,
806,,
807,-6.7879730365469415,7.529672170226422
808,,
809,-2.287389423969458,233.501673699485
810,,
811,0.6316076191221055,6.581268053175068
812,,
813,,
814,0.6615606563895656,21.615585628684805
815,,
816,-2.150253926784077,520.7130610899261
817,,
818,1.5637571514419775,49.15672526070651
819,,
820,,
821,,
822,0.03127605798745615,56.34194041694509
823,,
824,,
825,-1.8894259299506773,148.74346572867069
826,,
827,,
828,,
829,-0.05822556067394358,49.049202318504996
830,,
831,,
832,,
833,-0.07399996204047207,24.667487149437
834,,
835,,
836,,
837,,
838,,
839,1.0569931500821708,130.5302867999016
840,0.055459121490988326,67.26850943429895
841,,
842,0.12972280595718208,153.73598704447397
843,1.4570509905114626,13.261258687126501
844,,
845,,
846,-0.1623369042089939,205.76532020189643
847,,
848,,
849,,
850,,
851,,
852,,
853,,
854,,
855,-0.09991400995309656,147.24140812921104
856,,
857,-0.40397017698051946,32.46697881587106
858,0.20941484513869685,108.20426590865229
859,,
860,,
861,,
862,,
863,-0.6366820174532268,289.82776698162684
864,-0.12225430277734607,235.91499874618808
865,,
866,1.2319286589598193,12.603347605885801
867,0.07760657818655468,1.619143073290199
868,,
869,-1.0816228281459606,5.491870121265525
870,-0.42481234363354803,50.95803203401451
871,-0.2155357323429506,236.83274034260282
872,,
873,,
874,0.5279476133913199,412.1731782740471
875,,
876,0.1798470051924954,256.26757767241594
877,,
878,-3.1875043481149175,340.39009513781014
879,,
880,,
881,1.0800829009440176,36.78896513678794
882,,
883,,
884,,
885,,
886,-2.2827535047029457,534.4557288827647
887,,
888,,
889,,
890,,
891,,
892,,
893,,
894,,
895,,
896,,
897,,
898,0.008313023563150815,195.38502520836138
899,,
900,-1.0239604749505538,455.26848799734637
901,,
902,0.14227072829583984,260.35214179410167
903,,
904,,
905,,
906,1.0934454941360836,0.8452357967707672
907,0.7503939731098498,91.78423956148137
908,,
909,0.6315272538993951,3.887620790414131
910,,
911,1.1433988220704225,68.0027948625619
912,1.2237307000899975,155.8699912663779
913,,
914,,
915,,
916,,
917,,
918,,
919,-0.09742235861103712,146.69369625908536
920,,
921,,
922,1.4590872259776513,36.821739309740856
923,-1.5708656105558514,126.69699719439787
924,-1.7164414613680448,17.34758837268026
925,,
926,,
927,-0.005602551549694889,333.72441218773713
928,-0.9868675746181607,1.2301735589265297
929,,
930,,
931,-3.3114408083530424,880.9878877466531
932,0.043828575798900045,10.236310082416228
933,,
934,,
935,,
936,-3.5158641230325407,216.98199590949832
937,,
938,,
939,-0.10074156274866619,15.406348992486324
940,,
941,,
942,,
943,0.049403915613605076,11.804305188082154
944,1.5874437661505847,2.6077640266451274
945,-1.6474106409628309,1160.7172786150334
946,,
947,,
948,,
949,,
950,,
951,,
952,,
953,-1.4357046898478676,2307.412700961627
954,0.22116502063926868,303.8505707895225
955,,
956,,
957,-0.602735639344597,7.3652194039254875
958,,
959,-4.506184728318882,5.807596743452677
960,1.0632071137467873,286.44047407496424
961,,
962,,
963,,
964,,
965,1.3690187330616381,82.4587481462932
966,,
967,,
968,,
969,,
970,0.8111566662984906,252.74030297740137
971,-1.1218084740621581,2.049828827152979
972,-1.582109764946721,145.97313961132747
973,1.3442266719524392,13.664456382098026
974,,
975,,
976,0.164350357634668,10.755582405543135
977,-5.5075778754249045,26.248140982006753
978,,
979,,
980,,
981,,
982,,
983,,
984,0.9693682473136043,101.2218558226902
985,0.49095115881395035,49.35093623218562
986,,
987,,
988,,
989,-2.1520024035711156,3.7447133095560243
990,,
991,-1.3773447561099075,143.17340782214296
992,,
993,,
994,,
995,,
996,,
997,,
998,,
999,-0.05771388934937801,243.57439010420003
1000,,
1001,-0.6945173059146534,208.3166460667114
1002,-1.1676340205817373,2.1705283067343553
1003,0.4233598820860655,384.3692901524018
1004,0.7568622408906929,3.767264695524477
1005,1.0306903649223946,4.9937915130218204
1006,0.9327955591240723,1.090558845263736
1007,,
1008,,
1009,,
1010,,
1011,-5.8878151954674305,32.88531613263557
1012,0.08972434429371731,9.1641017189788
1013,,
1014,,
1015,,
1016,-0.17000490578184815,338.3901667801489
1017,,
1018,,
1019,-0.7746158864553206,11.213630022296096
1020,,
1021,,
1022,,
1023,,
1024,0.5703718078789745,25.767021710430456
1025,,
1026,,
1027,1.5981605239905265,2.557061286090798
1028,-1.1780060028188346,439.8508683363572
1029,-0.4136908924806015,1.716627085192441
1030,,
1031,,
1032,,
1033,,
1034,,
1035,,
1036,,
1037,,
1038,,
1039,,
1040,,
1041,,
1042,0.4693173490462562,15.89858071565886
1043,1.5599924025650576,1.348681414082265
1044,1.466383532827561,6.614544459870792
1045,1.1672672506745985,1.852682050143467
1046,0.9742570103856079,5.4315996446130335
1047,,
1048,-0.09842456577002266,1570.573678239002
1049,0.5736681043162594,19.797103808946726
1050,1.1503174172082122,4.878194505557594
1051,1.6458170138751065,4.120493409546465
1052,1.5436549561096315,4.496406721009492
1053,0.29771386466885447,112.40262148835039
1054,1.1794706903752736,1.4627832007952115
1055,0.4271519633622954,120.5186888858483
1056,-0.7043170045718103,2.1027465754726156
1057,0.6272152900613448,218.51544746894322
1058,,
1059,0.6511624972603914,97.79446216874014
1060,1.2936138934425891,2.4213379227392204
1061,-0.05414765713754433,151.44572528163
1062,0.09560018596707195,348.3809993926931
1063,0.16980870339004603,481.734236062133
1064,0.25653479328593615,188.4317376359153
1065,0.5636088569288742,49.45280231965173
1066,0.23738733124403913,293.06349879729
1067,,
1068,1.2414450264016448,128.06946843831446
1069,,
1070,0.1907756164467837,185.30129003663143
1071,,
1072,,
1073,0.3848209563074875,216.79169483636764
1074,1.1884570821966622,7.671857679560295
1075,,
1076,,
1077,,
1078,,
1079,,
1080,0.17582034031603055,26.948267549812048
1081,,
1082,,
1083,,
1084,,
1085,,
1086,-0.2403349404705864,179.25993262030795
1087,,
1088,,
1089,1.335491362956502,20.074593920587812
1090,-6.811967196280465,112.59411544114388
1091,,
1092,1.4954172296743038,1.3374891663490664
1093,,
1094,1.5836447969375187,6.524190006085664
1095,-1.0740657353068732,335.9300122984251
1096,-0.3489912649623655,241.23052662059646
1097,,
1098,-0.5899725035334389,209.6914998866263
1099,,
1100,-4.107961350227013,45.985070976294836
1101,,
1102,-0.662822040909161,67.42290553446442
1103,,
1104,0.5380726730440348,13.20374236091425
1105,,
1106,,
1107,1.9820784352177085,12.141913961917956
1108,0.3648159234344787,185.84526373269566
1109,,
1110,1.866567981018409,3.4963722768518934
1111,-2.351929224267444,29.660270349775598
1112,,
1113,,
1114,,
1115,,
1116,1.2574632556911234,47.505266472442024
1117,0.203546303322601,349.79425850845075
1118,,
1119,-0.6236092954102808,38.096271231364106
1120,0.8599373141932304,3.051712983717602
1121,0.20811091122562805,109.67744593113211
1122,1.418405114132488,115.85321706675226
1123,-2.344789596713256,0.7526319576870818
1124,,
1125,,
1126,1.0713070710795836,352.6603101434681
1127,,
1128,,
1129,,
1130,,
1131,,
1132,0.18691153440958655,171.33119873933438
1133,,
1134,0.29365197764396034,40.04131515921174
1135,,
1136,,
1137,,
1138,,
1139,,
1140,0.8366390228071696,180.72800263472124
1141,,
1142,,
1143,,
1144,,
1145,0.7957166858574992,179.35293142810718
1146,-0.1062981926752106,20.546326597146134
1147,,
1148,,
1149,,
1150,,
1151,,
1152,,
1153,-3.2731191599599643,48.78223818581271
1154,,
1155,,
1156,,
1157,,
1158,,
1159,-2.9648715147739706,28.069989561406672
1160,,
1161,,
1162,-0.8170345681187997,497.20738180365794
1163,1.0276160117735211,347.3482694949167
1164,,
1165,0.11891395101180668,290.6365363799176
1166,,
1167,-0.08455794568782982,624.7218708453539
1168,0.0757621940470442,548.8854579623294
1169,,
1170,,
1171,,
1172,,
1173,,
1174,1.08904938293143,182.1691317134201
1175,,
1176,,
1177,,
1178,,
1179,,
1180,,
1181,-0.007962090212618497,757.8118121188968
1182,-0.7860369920145546,14.408399380044045
1183,-0.5302125328244974,44.66547012057628
1184,,
1185,-1.628612329925939,332.1694016807095
1186,-0.060780482030750274,249.65704554505228
1187,-2.581624720703979,25.478735900037325
1188,0.6227838735659512,87.29005137965383
1189,0.694641575816478,72.9564625447073
1190,0.059344024997173124,396.82461018804696
1191,,
1192,,
1193,0.8131935626685763,17.555847893409524
1194,,
1195,0.2527935119385768,347.0174428398189
1196,1.256863662242475,15.518268228676979
1197,,
1198,,
1199,-1.638891692848261,406.6626366401803
1200,,
1201,,
1202,,
1203,,
1204,0.3673950408545439,5.212266572413388
1205,,
1206,,
1207,0.1725415379589807,19.452628915786246
1208,0.2007502926639018,5.909446704497437
1209,0.6866386890069369,99.0930011223551
1210,,
1211,1.1875178748567716,12.622379928753741
1212,,
1213,,
1214,0.3506495915889503,9.473672623347882
1215,,
1216,1.7093570033469725,43.93596450921756
1217,0.5179014842485731,246.96699608140625
1218,,
1219,0.18183040111474444,109.73324659337712
1220,-0.4495091945306179,4.030309597088928
1221,,
1222,0.01772814144991994,195.1440749426421
1223,,
1224,1.6739932908792585,69.64863089957325
1225,,
1226,,
1227,-3.583406563808622,1078.7286256322104
1228,,
1229,,
1230,,
1231,,
1232,0.666560386177435,7.324802684258845
1233,,
1234,0.17141968245993652,517.7331820177495
1235,0.09259198650919129,314.80686384800987
1236,,
1237,,
1238,,
1239,,
1240,-0.05923970693539915,436.7720147146488
1241,,
1242,,
1243,,
1244,0.9484842608664825,18.915143580884003
1245,,
1246,0.4828875393073171,232.6248018968702
1247,-0.42566056489123555,349.72876669037606
1248,,
1249,,
1250,,
1251,-0.35195035806681413,1.5783888862748827
1252,,
1253,0.9098078229871155,3.6022795880066916
1254,0.5673740236747848,20.862680799533614
1255,1.8143165059132156,17.494043976994767
1256,,
1257,-0.23731795979078849,457.6085104313352
1258,0.5922514720347969,9.19300514406191
1259,0.9457416386458879,16.81937025036598
1260,,
1261,,
1262,-3.6783055311078345,273.725303592387
1263,,
1264,,
1265,,
1266,1.0077187463831465,168.89820798382644
1267,,
1268,-0.2908255992746256,128.2319681886949
1269,1.3152917040555456,83.61841048585457
1270,,
1271,,
1272,-0.20500430392671157,5.197707022346711
1273,,
1274,0.3628907755451615,4.436352022624158
1275,-1.7970609771769945,485.60971283897237
1276,-0.12956803936575806,423.07573416495467
1277,-1.6835979730252573,5.282625157980669
1278,-0.4299954388420772,20.218170982839624
1279,0.1405933530569906,7.004561639366491
1280,,
1281,,
1282,,
1283,,
1284,,
1285,0.5184260254518809,74.6906029914022
1286,0.29909736912880164,0.287460241860574
1287,-0.1870866630237927,4.636370740121388
1288,,
1289,,
1290,,
1291,,
1292,,
1293,,
1294,,
1295,,
1296,0.3629190610672979,197.5820736327226
1297,0.2719903521056108,311.02637175332956
1298,0.32573077675285156,426.909891041871
1299,0.0529626297532308,972.2479032094187
1300,1.0100934574272615,138.77530839650328
1301,1.6967879531528103,80.02976360862128
1302,0.9337692598506254,103.36659830838096
1303,,
1304,1.6003593538259018,7.98382808704838
1305,0.3438450509427122,125.37961462285804
1306,0.33662636797425244,93.20861845938887
1307,0.4223879401134512,353.81464486888115
1308,0.1427897217269975,852.5048210368413
1309,,
1310,,
1311,,
1312,,
1313,,
1314,0.6308274114901724,244.22170742472503
1315,0.6376796117959135,13.223507917043799
1316,,
1317,,
1318,1.5909286852442208,172.64198569962397
1319,,
1320,0.7942897558475829,414.59338453624775
1321,,
1322,,
1323,,
1324,1.5682667196211366,97.99341370887457
1325,0.3580335798105901,47.29607905655842
1326,-1.0786015687242783,207.46933335335643
1327,,
1328,,
1329,,
1330,0.7567924079614773,230.96706172347794
1331,,
1332,,
1333,,
1334,,
1335,,
1336,,
1337,-0.012768520191837033,295.4965818563226
1338,,
1339,,
1340,,
1341,-0.330722798308707,458.6432334047303
1342,,
1343,,
1344,1.0822756563470233,62.387744852859505
1345,,
1346,-0.8871032121252864,102.13606171284398
1347,,
1348,,
1349,0.45160120761593076,347.97545150577446
1350,1.3847404606627451,4.341875664804274
1351,,
1352,0.31453665224863137,4.420844034070273
1353,-0.8515266250456017,294.1956361959884
1354,,
1355,,
1356,,
1357,,
1358,-0.17213583467409757,435.71728340666675
1359,0.5641957608354773,291.37224895457877
1360,,
1361,0.30557332092834644,239.4931105097958
1362,-0.71838962340432,283.27167016069575
1363,,
1364,-0.49743243045462043,782.869280548648
1365,,
1366,-0.4593226495799133,224.5217199026073
1367,,
1368,-0.8176690784518549,214.2423029569602
1369,-0.27785937127446947,253.720923845488
1370,,
1371,,
1372,,
1373,1.9954444514638847,293.86603221833724
1374,,
1375,0.685581753871802,24.32284045931697
1376,-0.11272041390749057,376.6458237882921
1377,,
1378,-0.06281111788491034,137.70168549113583
1379,,
1380,,
1381,1.1970457408846018,148.71608923502433
1382,,
1383,-0.8890494125129532,955.1340553987899
1384,,
1385,,
1386,,
1387,0.06777369606661134,21.68671689455889
1388,,
1389,1.1858491384422016,305.14513514525856
1390,,
1391,1.0406797610726515,206.55021123764806
1392,,
1393,,
1394,0.02831228431411663,762.9774139370465
1395,,
1396,0.21475259759018528,307.04839715423515
1397,,
1398,,
1399,,
1400,,
1401,,
1402,0.16280476020983314,281.4923688500013
1403,,
1404,,
1405,0.6513293102636848,192.84560522310244
1406,-0.6558445732682698,553.0356863900046
1407,,
1408,,
1409,,
1410,0.807370889779082,116.56632226950813
1411,1.7485855246849729,20.684623825856107
1412,,
1413,,
1414,-4.211508793442229,467.5601777219016
1415,,
1416,,
1417,,
1418,,
1419,,
1420,1.8093347527751076,46.97862558560515
1421,1.2775040157680204,62.99636669508556
1422,-0.2688736679737046,217.78462592252828
1423,,
1424,,
1425,,
1426,0.795309990314241,55.507899827990435
1427,,
1428,,
1429,,
1430,,
1431,,
1432,,
1433,,
1434,,
1435,1.2989608475169792,8.399690858045577
1436,,
1437,,
1438,,
1439,,
1440,0.8724449238518771,55.61018301053543
1441,,
1442,,
1443,,
1444,,
1445,,
1446,,
1447,,
1448,0.2185511553823479,150.24877828515835
1449,,
1450,,
1451,,
1452,,
1453,,
1454,,
1455,-1.4674363544632405,1126.3195427461042
1456,,
1457,0.36856043962791485,8.3281933877852
1458,,
1459,,
1460,,
1461,0.8321126841740938,33.65293515105356
1462,,
1463,,
1464,,
1465,,
1466,,
1467,,
1468,0.5818509271283927,1.5474792042594248
1469,,
1470,0.3020094070228263,237.33772289574
1471,0.20296976708899017,337.39590867635343
1472,,
1473,-1.2332760521272548,7.1612451567197395
1474,,
1475,,
1476,,
1477,1.4526004450333283,59.356483051300685
1478,,
1479,,
1480,,
1481,-0.3386058912150205,183.69998883543738
1482,,
1483,,
1484,,
1485,0.3881776038225835,50.32530133126978
1486,0.3331537921557252,200.88096218618384
1487,,
1488,1.7399997840972843,111.14186984312265
1489,,
1490,,
1491,,
1492,1.5503745175599573,21.24847372694464
1493,0.018608999955383187,399.301621403946
1494,,
1495,0.10903558182053409,1153.119186647443
1496,0.7751474531651301,97.62230712787499
1497,,
1498,0.8590722336554865,144.5240684410084
1499,,
1500,,
1501,0.21066716156881934,560.4305468656852
1502,,
1503,,
1504,,
1505,,
1506,,
1507,,
1508,,
1509,,
1510,,
1511,,
1512,,
1513,0.026970419266131956,124.33116420199677
1514,,
1515,0.5892296795097937,169.227455958452
1516,-0.2999285101864822,298.1891824447449
1517,1.895931429036764,35.40326282482641
1518,,
1519,1.2317278971405337,82.82383029669622
1520,,
1521,0.4652327955326741,101.55375362160002
1522,,
1523,,
1524,,
1525,,
1526,,
1527,0.41577934479262957,58.5591050257517
1528,0.13828812835673335,17.058541558555895
1529,,
1530,,
1531,,
1532,-0.49528359445567083,495.5943414188028
1533,,
1534,,
1535,0.06168557730150777,156.26250174324784
1536,,
1537,,
1538,,
1539,,
1540,-0.11830758939949754,385.49726169172186
1541,1.2452153719748376,63.143234794171754
1542,-6.543227275308592,630.4612513733182
1543,,
1544,,
1545,,
1546,,
1547,,
1548,,
1549,,
1550,,
1551,,
1552,-0.2177374787755104,860.6588627684653
1553,-0.23574571514305515,1769.0776075355802
1554,0.974885345489528,34.50670175856594
1555,,
1556,,
1557,0.5136193387693504,57.371799960154796
1558,1.3203464520658252,30.444194965559586
1559,,
1560,,
1561,0.5459846213131734,51.23203634488026
1562,0.7349028468074758,35.75313320091834
1563,,
1564,0.5147313080056038,35.911888701479704
1565,0.44891842809417754,81.78571035402861
1566,,
1567,,
1568,,
1569,,
1570,,
1571,1.1208264360374054,55.16911756316296
1572,-0.17283771418683752,13.660512054346812
1573,,
1574,0.23932868877706043,330.733313714505
1575,1.3133073028573325,175.8680555992844
1576,,
1577,,
1578,,
1579,,
1580,,
1581,,
1582,,
1583,,
1584,,
1585,,
1586,,
1587,,
1588,,
1589,0.8174314978215185,454.27199603066845
1590,,
1591,1.9472259955807265,238.07920879274005
1592,0.6916447535185091,13.846329741445516
1593,-0.0490168960599056,676.2731614794465
1594,0.011568780271720298,355.7646595910536
1595,,
1596,0.1346069868663125,477.64972517089444
1597,,
1598,0.494028660981633,36.05707042794068
1599,,
1600,-0.037236676147713234,2821.550293108235
1601,1.7036873079917492,322.4995796514806
1602,0.15187857491314746,43.382634398575064
1603,,
1604,-0.17810780003333876,200.28576356924404
1605,0.08010378658959805,598.4972542128822
1606,,
1607,0.0036534696633845083,310.9099112559994
1608,0.08412486673941744,386.64494344878614
1609,,
1610,,
1611,,
1612,0.09492723153726312,254.6246737900841
1613,,
1614,0.3905954433951064,5.646036220448343
1615,,
1616,,
1617,,
1618,,
1619,,
1620,,
1621,,
1622,0.9342242088206189,36.630098238425475
1623,-0.8242192170615954,113.88214869227022
1624,,
1625,,
1626,,
1627,,
1628,,
1629,0.05286598143226614,704.1407146843953
1630,,
1631,,
1632,,
1633,,
1634,-0.020442747052338887,717.7206620055989
1635,0.40149678653933546,37.131027880787045
1636,0.1868737478994346,171.19160875790746
1637,-0.6198386535393591,674.3480318586054
1638,,
1639,,
1640,,
1641,,
1642,,
1643,1.2257174208154935,44.325737063832754
1644,,
1645,0.7082494745960198,260.7263401864823
1646,0.29015504051859725,7.390363346446117
1647,0.3939407301573825,225.86309972146063
1648,,
1649,,
1650,,
1651,0.39549585658697156,606.0212663539378
1652,,
1653,,
1654,-0.09492113051083176,65.82522435899958
1655,,
1656,1.1107585650927627,15.009101398441011
1657,,
1658,-1.480798820352583,2.5969397482490377
1659,,
1660,,
1661,,
1662,0.6799641086409933,48.703154579051365
1663,0.24451481951345166,270.35232877430855
1664,0.2603261440379607,303.7762664668707
1665,,
1666,,
1667,,
1668,1.4923978661239734,260.6413163531532
1669,-0.09462345561464075,77.2657170352106
1670,,
1671,0.37030363592342674,23.52306556626494
1672,0.006525821884257355,5.863052282404686
1673,,
1674,,
1675,,
1676,-0.4473077888258011,1185.8568833907557
1677,,
1678,0.7714167001489179,253.23402104130057
1679,,
1680,0.6744800892325216,290.32009772073724
1681,0.6968018099006605,57.3092123916569
1682,-0.5825803147806952,486.8784390021854
1683,,
1684,0.0039337516338794395,337.0938509180986
1685,0.03647223987326954,26.95741681364231
1686,0.7546733054829198,74.68937089619897
1687,0.1276307761113423,628.4527697649595
1688,,
1689,0.4053816327980103,108.82898174442626
1690,,
1691,,
1692,,
1693,,
1694,,
1695,,
1696,,
1697,,
1698,-1.2165077850313482,1.914507844642344
1699,,
1700,0.3192154198277663,24.054462796099024
1701,,
1702,,
1703,,
1704,0.4260407722342766,428.7962470255181
1705,,
1706,,
1707,,
1708,1.3173378971689593,47.192559967103854
1709,,
1710,,
1711,0.31137846219000104,209.22307129257462
1712,1.4146110759055586,4.272698159816235
1713,,
1714,,
1715,,
1716,,
1717,,
1718,,
1719,0.2235613320267771,225.49976017537193
1720,0.1310484926154661,104.63979420399
1721,,
1722,,
1723,,
1724,,
1725,,
1726,-0.08416455143083759,54.56499806013507
1727,0.5246382989005709,194.0832547388011
1728,-0.5976181122771128,552.9583517875028
1729,1.743694269813737,6.638225140447238
1730,,
1731,,
1732,-2.727288727794603,458.1609357591099
1733,,
1734,,
1735,,
1736,,
1737,1.2197231594366813,169.0058926124386
1738,0.3200419404285851,714.8226018937953
1739,,
1740,,
1741,,
1742,,
1743,,
1744,1.1120985084412423,117.86438261032679
1745,0.7117030615181984,177.80871964253595
1746,,
1747,,
1748,,
1749,-1.0412049496319529,776.0890839748956
1750,-1.6290860267647487,2.0705297210808276
1751,,
1752,0.5559215010960444,101.20951939197192
1753,,
1754,0.7921016335926838,169.36629496081468
1755,,
1756,0.7942110556042953,45.28158488080656
1757,,
1758,0.3387442488274959,146.31009349546005
1759,,
1760,,
1761,,
1762,,
1763,,
1764,0.6236052889281876,63.00499088370224
1765,,
1766,,
1767,,
1768,,
1769,,
1770,,
1771,,
1772,,
1773,,
1774,,
1775,,
1776,-0.7177194194571079,65.5310275592397
1777,1.5777633848144914,25.96334513437712
1778,-0.1578963350034824,1087.8445193981222
1779,-0.5149428507515913,112.07371083934267
1780,,
1781,,
1782,0.1635084833192626,991.8908417119103
1783,,
1784,,
1785,,
1786,,
1787,0.5911009891034583,436.76856478553225
1788,,
1789,,
1790,,
1791,,
1792,-0.44247563727627387,349.5631049261229
1793,,
1794,,
1795,,
1796,-0.879013460020202,426.7491148386514
1797,,
1798,,
1799,,
1800,,
1801,,
1802,,
1803,,
1804,,
1805,,
1806,1.2691657243549415,109.90435495442394
1807,0.12812458968691393,53.48246217645409
1808,,
1809,,
1810,,
1811,0.5666972980625015,5.911677905608475
1812,,
1813,,
1814,1.178666942059776,344.47648597176385
1815,,
1816,,
1817,,
1818,-0.14662159819711643,221.9552183197118
1819,,
1820,1.2008237065047334,118.1292230331
1821,,
1822,-5.354329835100313,572.3131095931609
1823,,
1824,,
1825,,
1826,,
1827,-2.664175370661064,129.12082477032786
1828,,
1829,,
1830,,
1831,,
1832,,
1833,,
1834,,
1835,,
1836,,
1837,-0.12119805472475222,90.79154114224399
1838,0.5442525997638398,2.7317560129928484
1839,-0.7481547719496796,25.534593585119612
1840,0.8844198646096599,83.44061783356156
1841,,
1842,,
1843,-3.346955064759275,34.10730645963567
1844,0.6389121200665691,56.258595275693516
1845,-0.8106202772866603,37.23816940518986
1846,-0.5244206134804514,634.9358820510886
1847,0.285238660812281,228.4781183041291
1848,-3.2312427133793484,832.9556671210684
1849,0.04292377186590538,421.3441170143585
1850,-0.27809727267203954,47.46558552737238
1851,-0.013919451065821218,400.7051279003414
1852,0.17456400478958536,843.1613887220715
1853,1.1494521617339264,79.10999367101262
1854,0.1951111774600934,234.14142890890227
1855,,
1856,-0.40648219890569387,10.2728676957422
1857,-0.007127774662218072,488.98545442330044
1858,-0.03153033417092979,438.50670844293273
1859,,
1860,,
1861,0.09962623635712618,385.4597899896444
1862,,
1863,,
1864,,
1865,,
1866,-2.5980718778992626,930.8200209518213
1867,,
1868,1.8925096296872381,216.14350500068426
1869,,
1870,0.67489024866854,410.80791605201324
1871,-3.237640089969048,23.631133272184613
1872,,
1873,,
1874,,
1875,,
1876,1.1830248255430282,36.49530716375762
1877,-0.2784087052294271,6.836393183100443
1878,1.4904613362395946,35.13588498690189
1879,,
1880,,
1881,1.0359033703202682,279.40816818596596
1882,,
1883,,
1884,-3.19093673078082,300.7687189842304
1885,,
1886,-2.4950657501059887,24.623827369308867
1887,0.55482189254299,19.419757058943073
1888,,
1889,,
1890,-0.7886200225192964,101.39828156961353
1891,,
1892,,
1893,,
1894,,
1895,,
1896,-0.29347940598833144,388.0146319740016
1897,,
1898,0.8370825515601916,83.76175846971876
1899,,
1900,,
1901,,
1902,,
1903,,
1904,-4.2089008415520315,14.14016792579933
1905,,
1906,,
1907,0.3522288758573796,84.86591281077636
1908,,
1909,,
1910,,
1911,,
1912,,
1913,0.22479424213852298,156.7125797196037
1914,,
1915,0.2803320416836223,199.12729554228076
1916,,
1917,,
1918,,
1919,-2.2408154242727787,284.0640731723716
1920,0.37014809689469536,618.1812559003769
1921,-4.359419369550004,1095.0333077649389
1922,1.2033804499394047,9.450909834894036
1923,,
1924,,
1925,0.0012259524790762914,342.3890847556391
1926,-0.2836718915845568,950.8801913845483
1927,,
1928,,
1929,-3.2243528098492447,245.29481218964995
1930,1.3497740495345572,30.564910344569984
1931,,
1932,0.01955018944928615,1184.548687482251
1933,-0.014416654221144874,1370.0384111039903
1934,,
1935,0.27316890324476806,65.50616510184562
1936,0.35823700311914064,229.79132669647228
1937,0.6390970927679204,262.53125725947166
1938,-0.03375790987805357,26.679847582478658
1939,,
1940,-1.6192664864331343,354.34291304664134
1941,,
1942,,
1943,,
1944,,
1945,,
1946,,
1947,,
1948,,
1949,-3.5104527251170916,154.05512178265832
1950,-0.19181601210813515,3.6341146508747215
1951,0.19757357644373338,114.11643466954148
1952,1.3565932706250905,114.5453870472308
1953,,
1954,0.9486370537398259,200.60290929710703
1955,-0.7176603477659775,123.6458570369923
1956,,
1957,0.6670564456902154,29.1221430524976
1958,,
1959,0.231845508849098,316.77608877858523
1960,-0.9122536052844558,411.53423214368956
1961,,
1962,,
1963,0.16459672367395106,29.600734445743214
1964,,
1965,0.0965430812953387,836.8284011028458
1966,,
1967,1.8755192388053505,43.65137309983452
1968,-0.1963345994001709,313.1081956021512
1969,,
1970,-0.2872492944340166,63.2772771898383
1971,,
1972,0.7949707716928626,50.8188601694532
1973,,
1974,,
1975,1.6507278676168162,76.84921704211075
1976,,
1977,,
1978,,
1979,0.6694525945312861,278.5251168555428
1980,0.025109740150922762,26.041992013258106
1981,-0.07839376033053336,114.0332257551861
1982,-0.02727408734269678,234.61198150656014
1983,,
1984,,
1985,1.0733686861373806,144.20233255639013
1986,,
1987,,
1988,-0.1245030105919497,71.42945498740775
1989,,
1990,,
1991,,
1992,,
1993,,
1994,,
1995,,
1996,-3.301213361459527,55.95858500576277
1997,0.31579127718259287,151.14480587073882
1998,,
1999,,
2000,0.38652290068061,128.2893948963962
2001,-0.32183324468259383,9.621346345087595
2002,,
2003,0.24913711462127724,173.13111080584952
2004,-0.07089105583212357,283.8316606445613
2005,0.045367071021384556,840.0485700130233
2006,1.442315400330809,367.08864768220866
2007,1.0051186796192542,64.71455981018957
2008,,
2009,0.19878346386524545,308.3955065707796
2010,,
2011,,
2012,,
2013,,
2014,,
2015,,
2016,,
2017,,
2018,,
2019,,
2020,1.6897620714568986,5.458788636813241
2021,,
2022,,
2023,,
2024,,
2025,,
2026,,
2027,0.5676201007990666,9.535623941000445
2028,0.48270567515592167,25.713057607289027
2029,,
2030,,
2031,,
2032,,
2033,,
2034,,
2035,,
2036,,
2037,,
2038,,
2039,,
2040,,
2041,,
2042,,
2043,0.1142738183752647,160.12872869696645
2044,0.4947741210169644,35.25494735691162
2045,1.9996583352844712,35.729424431757174
2046,,
2047,1.0152606821202752,69.07957796438376
2048,0.15077030522309706,364.4318060438106
2049,-1.6405525598586592,924.8480618392412
2050,0.20888062172721977,307.96967188792274
2051,-0.2245818288029187,682.5435676388045
2052,1.6007674168802883,10.81239370831308
2053,0.284878836376526,369.70035366887276
2054,-0.0009420442346745823,471.65004764979835
2055,-1.9885468667747646,88.46384615951766
2056,0.5426414268322611,240.32178599378773
2057,0.037379635900270616,398.2787704574458
2058,0.46295935707083274,94.5513290726082
2059,-0.5605039292539711,45.57999552934703
2060,0.6590239747810963,54.440934075707446
2061,,
2062,,
2063,,
2064,,
2065,,
2066,-1.1229037317378456,115.9348550923212
2067,0.3061220503520325,43.58585047106621
2068,,
2069,,
2070,,
2071,-1.7756910902580978,29.3005178451783
2072,0.9974143254861574,205.7297818982147
2073,,
2074,,
2075,,
2076,,
2077,,
2078,-0.13497307765271926,90.6153707239711
2079,0.8723585186394619,409.0101866078625
2080,0.5742411675115869,71.86637892755489
2081,,
2082,,
2083,0.15766080736151614,307.6545863975288
2084,,
2085,-0.05574673120868258,16.937187072308703
2086,,
2087,0.3158538186955279,373.4218261346561
2088,,
2089,0.648302042325687,249.5388053314779
2090,,
2091,,
2092,-0.11269142121019093,307.8546503965112
2093,-1.7378542500779393,2432.0668823601472
2094,,
2095,,
2096,,
2097,,
2098,,
2099,,
2100,,
2101,,
2102,,
2103,,
2104,,
2105,,
2106,,
2107,,
2108,,
2109,,
2110,,
2111,,
2112,,
2113,,
2114,,
2115,,
2116,,
2117,,
2118,,
2119,,
2120,-0.3022976231970218,1124.7239807291883
2121,,
2122,1.9541347649704768,48.50992347654833
2123,-0.0038001400055503844,466.2159913042445
2124,0.09280221783533904,1163.5874224928607
2125,,
2126,,
2127,0.02515811414218828,174.087263969535
2128,,
2129,1.183583753639714,23.24063170764959
2130,1.744736502454359,81.99803068993985
2131,0.03410782194504989,728.9517141020902
2132,0.5461030244196646,71.64710859649998
2133,0.10500700339197483,1115.8244088100457
2134,1.4011410269861122,119.45151175647905
2135,-0.2283179759671988,492.5126655474207
2136,,
2137,0.03108554546736934,991.097116149237
2138,,
2139,0.9768976676947677,23.892023628857206
2140,0.30479974834107,183.06708265892078
2141,,
2142,-0.06011948915920933,782.7207019146508
2143,,
2144,0.024476608908480062,339.38135273358154
2145,0.15991848913689657,512.0364371692328
2146,,
2147,0.6970375489079484,9.105629610818452
2148,,
2149,,
2150,,
2151,,
2152,-1.491832271648415,619.6185840187983
2153,0.14424622414989813,76.57623132105304
2154,-0.27844768586276747,37.17316529402758
2155,0.06509047024367277,694.3990827800051
2156,,
2157,-0.8763485085486458,141.92503334827015
2158,,
2159,,
2160,0.008222849651229559,667.102875124381
2161,-0.4629640172882852,94.12437707840682
2162,,
2163,,
2164,-4.98920076532051,34.68070604449547
2165,,
2166,,
2167,-0.18418351793098833,42.72458209044332
2168,1.3993005543757358,95.2559808087877
2169,,
2170,,
2171,,
2172,,
2173,,
2174,-0.09134720056039712,339.6179724952028
2175,,
2176,,
2177,0.10375663646958713,367.0651142231781
2178,1.7213164413521564,132.45517371974287
2179,,
2180,-1.89903797879075,46.64357715026717
2181,-1.1359222415421164,73.27588574937681
2182,,
2183,,
2184,-1.546409961125385,22.174819331824875
2185,,
2186,-4.3515172303629805,27.521230897275352
2187,,
2188,1.1042122573912225,289.40719328876673
2189,,
2190,,
2191,,
2192,0.8138621747983328,455.331073491607
2193,-0.17867960578257056,46.36049603540252
2194,-0.620793512689378,81.7939141355177
2195,-0.07448143883788032,536.9203032559028
2196,,
2197,0.055227900735280784,168.975135234562
2198,0.462516527528099,183.26990591600472
2199,1.7164699629461797,13.85594609434506
2200,1.2198273698407025,47.54785751062034
2201,1.8052323043611709,112.59074011170655
2202,,
2203,,
2204,-0.8830379325064676,288.9801382560401
2205,-0.22893497074945632,276.71213247945036
2206,0.8113573476096497,185.41817360429494
2207,,
2208,,
2209,,
2210,1.699496698702971,50.472533520133865
2211,,
2212,-0.41202615074179094,464.74026717301643
2213,,
2214,,
2215,,
2216,1.652170322385665,158.63973221713064
2217,0.31352783127770484,196.96204264280263
2218,0.9886358720394244,299.06150126847
2219,,
2220,-0.6724453126186128,458.74416172280047
2221,,
2222,0.22359835411737508,379.4434222874135
2223,0.022961912352065225,487.1974580073394
2224,,
2225,,
2226,,
2227,,
2228,,
2229,,
2230,,
2231,,
2232,-0.08641833586724054,99.28430048752672
2233,,
2234,,
2235,,
2236,1.1329252975828996,2.465690107096904
2237,,
2238,,
2239,-0.05159034620980799,58.20586606764424
2240,-1.010056412691587,502.6401635261127
2241,-0.5001909683247416,274.22303206490693
2242,,
2243,,
2244,0.13403806746654293,462.25394931305726
2245,,
2246,-0.04342035886199173,10.455382415473064
2247,,
2248,0.12408601183073072,900.3505451807449
2249,-0.06509795728588934,179.2489102612766
2250,,
2251,0.23912957023218473,199.25753219453048
2252,,
2253,,
2254,,
2255,,
2256,,
2257,0.40971264358066095,24.919733237485577
2258,-5.560634916992863,136.3632819661637
2259,,
2260,-1.3323593770507893,301.4683759749317
2261,-3.054045821529144,21.995778837984762
2262,-0.08825198775118501,569.8352308774051
2263,-0.12093468432273599,153.6536440074064
2264,,
2265,,
2266,0.07780646012574782,496.98135516973355
2267,-0.07300449355732364,1331.33062401885
2268,,
2269,0.5361310379401133,435.24025552658975
2270,-0.10916277502684878,746.1909991465599
2271,,
2272,,
2273,,
2274,,
2275,-0.13984369475596334,65.169408802473
2276,0.18168626882496172,11.983781688035545
2277,,
2278,,
2279,0.8168490351086568,199.57399668848345
2280,,
2281,0.18187373076414695,238.87760434926835
2282,,
2283,0.059892357246344154,107.2546019319425
2284,,
2285,1.3086799077617883,15.564978625786342
2286,,
2287,0.12582100876968078,4.181575187115394
2288,-0.3784883875112271,134.70795275776507
2289,0.07509997694160017,14.572805817546548
2290,,
2291,-1.2834387928047646,610.1511633160954
2292,,
2293,-1.0670461152541066,234.82666459787072
2294,,
2295,1.5257148721986227,10.128907532379051
2296,,
2297,,
2298,,
2299,,
2300,,
2301,0.09024722437498252,272.3559427562184
2302,,
2303,,
2304,,
2305,,
2306,,
2307,-0.23299933967509817,372.0954350254001
2308,,
2309,,
2310,0.3071646120366233,493.92821293655857
2311,,
2312,,
2313,,
2314,,
2315,1.8404200132116564,56.135660071971
2316,,
2317,,
2318,,
2319,,
2320,,
2321,,
2322,,
2323,,
2324,,
2325,,
2326,,
2327,,
2328,,
2329,,
2330,,
2331,,
2332,,
2333,,
2334,,
2335,,
2336,,
2337,,
2338,0.0822154865670745,1606.162274357945
2339,,
2340,,
2341,,
2342,,
2343,,
2344,,
2345,,
2346,,
2347,,
2348,,
2349,,
2350,,
2351,,
2352,,
2353,,
2354,,
2355,,
2356,,
2357,,
2358,,
2359,,
2360,,
2361,,
2362,,
2363,,
2364,-1.0848109533237213,48.23891623650816
2365,-1.1834273057269895,55.20786992029931
2366,0.1652395508943524,341.3985610021911
2367,,
2368,-1.7501897492204357,128.712521703155
2369,,
2370,,
2371,0.736247999439008,295.81260883627533
2372,-0.34175677173396224,140.79166605898058
2373,,
2374,0.2903588475390755,477.4869736298154
2375,,
2376,,
2377,0.28463686937525423,167.56980257031285
2378,,
2379,0.2720260615876867,478.47296234082376
2380,0.4854016327906613,574.923654457523
2381,0.20592854836819133,386.62099454631584
2382,-0.653779542877886,317.38420648023316
2383,0.36223886335715877,563.4215051500237
2384,0.47023069799094774,33.320602338421864
2385,0.24815172157899107,230.64095233697475
2386,0.06789163799254098,1537.0250433795563
2387,0.05428992331130703,46.636249499887185
2388,,
2389,0.018681561370599373,765.778610979389
2390,0.3815698800515451,40.591286489081575
2391,-0.040776070049449754,97.78949682085124
2392,-0.060571594647987795,136.68362149396674
2393,-0.07459776906780106,240.09572875670366
2394,-0.7390422549218103,271.9443844796392
2395,-1.039670177384048,56.726726233533405
2396,,
2397,-0.03007774823743763,1138.3200243429426
2398,-0.29921717189945857,504.4000116918123
2399,,
2400,,
2401,0.06483810963271111,66.1483850281201
2402,0.4041429459677859,236.06714066168084
2403,1.7821738856583835,311.331170257339
2404,,
2405,,
2406,,
2407,1.1882364272389503,61.37255150599509
2408,,
2409,,
2410,,
2411,1.8276948953937961,81.87497698823248
2412,0.8673989177666898,268.24014023921603
2413,0.2451898907478757,25.678745752382266
2414,,
2415,,
2416,0.48430149235070774,434.0457346872988
2417,,
2418,,
2419,,
2420,,
2421,,
2422,,
2423,,
2424,-3.118058965185647,379.87058797229076
2425,,
2426,0.31414146424567646,376.83164201661356
2427,0.13604018036065943,446.1561006096004
2428,0.0565240016588894,1021.4194630824453
2429,,
2430,,
2431,,
2432,,
2433,1.264214659227578,263.54949931791316
2434,,
2435,0.426652539770907,48.3958951190295
2436,,
2437,-0.6736907159569456,328.7223891155215
2438,0.5900680826843839,172.61657150251787
2439,0.11040836372122921,1527.3685700524431
2440,,
2441,0.8335076196495778,148.68790974731044
2442,,
2443,1.4150170069018597,207.5739677604148
2444,,
2445,0.44922866845432036,447.0088815093868
2446,-3.583125459315606,14.223903956839187
2447,-2.7357253940924453,4.744478101269387
2448,,
2449,0.054579450410908524,180.17657559356374
2450,-0.9518482774363843,364.82940061559555
2451,0.3863750481729922,185.50528857303885
2452,1.1984344067936819,4.42235167612467
2453,,
2454,,
2455,-0.07390243320333913,205.62483823888536
2456,1.0393575122924652,4.043506384653248
2457,0.12074410685285147,276.1609506415738
2458,1.1834798058926406,236.10012437722844
2459,0.31093864217678135,227.8948787766358
2460,,
2461,,
2462,,
2463,-0.7542527506564234,421.8814873483844
2464,0.572117689606751,420.8706965285817
2465,,
2466,,
2467,,
2468,1.3513051888857912,130.3281664753588
2469,-0.8685346519367892,3530.9959133346256
2470,-0.5574702711634669,432.70718690456437
2471,-0.7902050783772907,120.43469966632007
2472,,
2473,,
2474,-4.593023796023469,424.9144280751136
2475,-1.2322788784213123,8.06188163901029
2476,,
2477,,
2478,,
2479,,
2480,,
2481,,
2482,,
2483,,
2484,,
2485,,
2486,,
2487,0.3091605266624387,247.40808881461908
2488,,
2489,1.0459888724949178,100.24179510554244
2490,,
2491,0.3591477901893942,120.11930866563969
2492,0.5696939583296424,203.55864939366657
2493,1.0931193571275863,14.939742793816967
2494,,
2495,,
2496,0.09461498760667016,254.85219683513333
2497,-2.9373702580557723,0.9869229815471398
2498,0.0999125723593125,497.70598848844315
2499,0.7877318091386817,83.94390077249808
2500,,
2501,,
2502,-0.45263814507529954,85.01912570568302
2503,0.25217312817821336,1037.7457827309265
2504,0.5360603993288373,10.132877683771932
2505,1.5510270916532831,181.28289071702702
2506,0.8629962980891972,299.0728361803479
2507,0.46073488390863343,69.16575923272536
2508,,
2509,-0.1938712513328237,15.72913561589156
2510,-0.09585650806298678,640.3135409085548
2511,-0.15705719097643528,42.54495707636936
2512,0.6737722965839723,130.8953220824271
2513,1.483824948401093,51.295420725542705
2514,0.8439365870126034,16.68870658284492
2515,,
2516,0.4867107319316317,104.14077085004172
2517,0.002255401254180169,445.74124764705886
2518,,
2519,0.02278825209463827,517.1074927566473
2520,-1.4537402041777108,448.5422404938171
2521,-0.1189779922724911,512.9698760064413
2522,,
2523,,
2524,0.7628225434886616,160.3588075554301
2525,0.03449749849687116,632.2878565559049
2526,-0.10038822243258859,570.1426829844713
2527,,
2528,0.8393400649512233,32.770839102416616
2529,,
2530,,
2531,,
2532,,
2533,,
2534,1.2718129905373206,311.1271342969691
2535,,
2536,,
2537,,
2538,,
2539,-0.8865094617428978,73.8542486988847
2540,,
2541,,
2542,0.4055903231941512,279.43130455007804
2543,,
2544,,
2545,-0.653017908896901,105.24134763152381
2546,0.20635044479428855,55.12527881562239
2547,,
2548,,
2549,0.4898006165833462,330.4734889548016
2550,1.4667426288549326,31.1793473694581
2551,0.4617501067710321,253.2313051343557
2552,0.20420902742605307,602.2838400242549
2553,,
2554,-0.09833243783876158,17.399139443886217
2555,-0.09845653969172528,746.7954354705411
2556,-1.2462627160658364,491.5250651647372
2557,-0.3345143471308585,333.6414478023871
2558,,
2559,,
2560,,
2561,,
2562,0.9920039907835145,6.099782069585574
2563,0.41015719760299446,169.06909940444956
2564,,
2565,0.16740008192477446,16.320505980100876
2566,,
2567,,
2568,,
2569,,
2570,0.6076511051031901,13.40549818508511
2571,-4.700150217916545,157.62744761663774
2572,,
2573,0.08713885914339177,542.8705755813543
2574,,
2575,,
2576,1.1436628764965022,486.10152786646654
2577,,
2578,-3.109886435621006,202.5910673647136
2579,0.015123396303292744,291.447042032454
2580,,
2581,,
2582,,
2583,,
2584,0.7584697185714273,443.54250937839436
2585,,
2586,,
2587,-0.7487884461990564,259.1409041232568
2588,,
2589,,
2590,0.07268893264514388,43.49099883595538
2591,-1.4410559377568746,46.616231406427936
2592,1.4456610352071435,379.97426038517756
2593,,
2594,1.699010511874771,22.095003700197385
2595,-0.937536446089052,10.409975964063669
2596,1.7433211264196016,359.19892877302385
2597,0.7409305819556627,49.9863016645051
2598,,
2599,1.0648315248196036,121.73885092433508
2600,1.2223359410376304,28.64246554000886
2601,,
2602,,
2603,,
2604,,
2605,1.643463481282268,36.65984641136699
2606,0.8734072982497554,218.29651239262694
2607,,
2608,-0.23977381095923103,470.17430069002353
2609,0.3059548484158691,25.188932201066926
2610,,
2611,0.898221468244916,61.53592406371094
2612,,
2613,,
2614,-0.9631966603984223,46.00725027733666
2615,,
2616,,
2617,-1.071817784787764,332.630533009309
2618,,
2619,1.4247594626962095,13.790830018750588
2620,-0.28795657589611656,256.3183177195394
2621,,
2622,0.8358464195114996,5.834502827354144
2623,,
2624,,
2625,0.16296332955694098,19.692981145302028
2626,,
2627,,
2628,,
2629,,
2630,,
2631,,
2632,,
2633,,
2634,,
2635,,
2636,,
2637,,
2638,,
2639,,
2640,,
2641,,
2642,,
2643,,
2644,,
2645,,
2646,,
2647,,
2648,,
2649,,
2650,,
2651,,
2652,,
2653,,
2654,,
2655,,
2656,,
2657,,
2658,,
2659,,
2660,,
2661,,
2662,,
2663,,
2664,0.9676366074804937,72.14675293575225
2665,-0.07633453589840382,1128.8800152105218
2666,,
2667,,
2668,0.4057109287038247,3.8699720107086106
2669,0.7870204436612508,100.67127052857319
2670,,
2671,,
2672,0.02340947027839768,112.43622846787426
2673,,
2674,1.9461842714845075,100.01322786468936
2675,,
2676,0.631949796509285,33.79687365585377
2677,,
2678,,
2679,1.3380585728449224,5.879388095035983
2680,0.4537375908122259,372.05273404521944
2681,-0.9276743357170595,581.0285601642985
2682,-3.6524697727054667,643.498049726412
2683,-0.24373225591476222,595.0527849096859
2684,,
2685,0.8610178250441797,79.02933770773467
2686,,
2687,0.18052049665544562,283.86060323493444
2688,,
2689,0.6163181276288872,142.50521829883087
2690,0.027857172963572,197.7425467589666
2691,1.7497319981082322,434.8581941367747
2692,1.5732961070277554,251.05282708813544
2693,0.515252120523238,129.51186748782536
2694,0.18315063974208504,375.2454859844779
2695,,
2696,,
2697,0.6733697725454358,90.1463249090793
2698,,
2699,-4.046914503839429,68.84846437666184
2700,,
2701,,
2702,0.1736549506938736,177.4835950788564
2703,,
2704,,
2705,1.9703095411443585,25.56956800968401
2706,,
2707,,
2708,,
2709,,
2710,,
2711,,
2712,,
2713,1.4029916599267644,4.2544625247437295
2714,,
2715,,
2716,1.5472909814951852,193.77838310033542
2717,,
2718,,
2719,-6.589389595738031,406.52904430823196
2720,0.1560612632008166,122.12476813945895
2721,0.2229051449210257,108.46581712381858
2722,1.3731004787679322,322.05229880010586
2723,,
2724,,
2725,,
2726,,
2727,,
2728,1.1000467157222276,325.07508364490496
2729,,
2730,,
2731,0.7708192534068143,6.167498168012561
2732,1.1826673352701265,52.959406983752814
2733,,
2734,,
2735,0.1258899041902721,334.5675034962454
2736,0.4814031129989836,123.2251913852417
2737,,
2738,-0.8328744308124805,277.00247451450286
2739,0.7626612390140646,84.02406193239743
2740,,
2741,,
2742,0.42120103970288003,92.3641917960699
2743,0.12093593450031756,162.62365210181127
2744,,
2745,0.1894675882160399,141.3551554742012
2746,,
2747,,
2748,,
2749,,
2750,1.8250789408757122,6.415103232809891
2751,0.059357169678928096,845.4369857917508
2752,0.05163459350598838,1054.9171209979777
2753,,
2754,,
2755,,
2756,,
2757,,
2758,0.04666567169008119,70.95837247697685
2759,0.4804890499763061,88.30622563559233
2760,,
2761,,
2762,,
2763,,
2764,,
2765,,
2766,-1.3788836427613094,13.699404122269717
2767,,
2768,,
2769,,
2770,0.3077743959946582,84.8441237191128
2771,,
2772,-0.24152964898037713,340.48396781513406
2773,0.07897090075803548,565.0123134052686
2774,,
2775,1.91552389486957,25.937204375051003
2776,,
2777,-0.6681326965566128,663.6749074451491
2778,,
2779,,
2780,0.2236470370880395,225.6343639587365
2781,0.9557521736290445,153.4751331040803
2782,0.9452489143487329,182.64547217169525
2783,-1.1834720226257764,785.8748547431998
2784,,
2785,1.2440168997901002,1.1076830801090196
2786,,
2787,1.891251808307545,145.91461518453036
2788,-0.10767911184577987,209.0307333277746
2789,0.07004899301284075,4.373657186324756
2790,1.0217841238509846,11.594337136161576
2791,0.9609683177699101,33.49883572273687
2792,,
2793,0.4276332947000717,109.52542684061318
2794,,
2795,,
2796,,
2797,1.6024354892669488,85.95899406491645
2798,,
2799,,
2800,1.3451867488884304,110.71413273361863
2801,-0.07483693266579773,1.8175925666256765
2802,,
2803,1.522185510461507,84.64681384009849
2804,,
2805,,
2806,,
2807,,
2808,,
2809,,
2810,,
2811,,
2812,,
2813,,
2814,,
2815,-1.3739088950749767,377.1422748129606
2816,,
2817,0.13898404487889207,195.69210275680638
2818,0.45926170784213133,473.5122975839673
2819,1.6384706690860908,44.31309457571864
2820,,
2821,-0.10044445218721834,19.92267281237701
2822,0.5195409991076665,25.656709167145333
2823,1.4736125527335164,8.598112180776225
2824,0.14967558130556993,139.59284179405236
2825,,
2826,-0.6080829000810106,2.5597272105120616
2827,0.4339014533103003,5.1171784081509335
2828,0.3265142432956437,41.24806292455791
2829,,
2830,0.036975217285615654,404.3505176127529
2831,0.05050333099516491,235.006289766711
2832,,
2833,0.15325193345186686,5.124555312206316
2834,,
2835,,
2836,,
2837,0.41899153954389123,243.77068557988557
2838,,
2839,0.06172800205340249,1197.3187389837904
2840,,
2841,,
2842,,
2843,,
2844,-0.06483279734264934,14.232575988204442
2845,,
2846,0.3201451055369273,397.86193482474204
2847,1.0364741067677932,63.62319401912605
2848,,
2849,1.4432571599008055,7.183128718029009
2850,,
2851,0.4349503634273757,434.8531703359315
2852,,
2853,0.03554811920055075,347.6910849501252
2854,,
2855,,
2856,-1.8725496203806153,1.6102489302189351
2857,,
2858,,
2859,,
2860,,
2861,,
2862,,
2863,,
2864,,
2865,0.3073730722693579,790.9672198702353
2866,,
2867,0.10530532334161129,573.1858704080106
2868,0.11026387627563422,1346.2660580685692
2869,,
2870,0.2344284671742159,381.18290475144664
2871,,
2872,,
2873,0.6956758481544982,149.28079998324645
2874,,
2875,,
2876,,
2877,0.10249921191043168,38.46980567007629
2878,,
2879,,
2880,1.552584540158277,18.069143797163942
2881,,
2882,0.27635699164101074,507.227877761595
2883,,
2884,,
2885,,
2886,0.2572711008747632,66.006956552051
2887,,
2888,,
2889,,
2890,0.8580578439932491,8.15950617997077
2891,0.5838341774538046,23.3229735150937
2892,,
2893,1.5306196395089446,190.1860430038362
2894,,
2895,0.5223491972872643,1.089603915191212
2896,0.17029198193475617,468.285787542994
2897,,
2898,-0.011721499792868892,1029.3612216685397
2899,,
2900,-0.6835801770875217,29.112102597216825
2901,,
2902,,
2903,,
2904,,
2905,,
2906,,
2907,-0.01136626960057226,880.8469555351813
2908,0.8357222684175346,6.306699608593584
2909,0.4543503051995233,137.5223233674183
2910,1.8968921635963614,26.391565643947832
2911,0.11924518035110501,565.5874417615943
2912,-0.05480603356225678,303.14658880077974
2913,0.6460646262593542,253.6101723458651
2914,,
2915,0.18337047708027077,568.5510032732192
2916,0.7196118381565035,234.40387922685113
2917,-0.8624566910732432,397.9263702866875
2918,,
2919,-0.494442100309249,10.039826043069077
2920,-0.05851905147884129,384.0090414385909
2921,,
2922,0.32743822380456955,19.91705798978665
2923,,
2924,,
2925,0.38685781820278176,238.82714119305788
2926,,
2927,,
2928,,
2929,,
2930,-0.6403937483392522,625.3458746573077
2931,-0.3740696268167713,1305.2585690814467
2932,0.11949969791811581,33.28051129750551
2933,0.07391910490493797,182.26645339264573
2934,0.18905829727073492,323.3764832708953
2935,-2.528118779063714,47.35580447147188
2936,,
2937,0.9949525777132437,13.12070888028063
2938,,
2939,-0.2890538955218031,177.21547171627282
2940,0.03891280651021049,202.9927241224632
2941,0.5028472919064466,60.99526745531458
2942,0.23491376476419704,411.67281186066117
2943,,
2944,,
2945,,
2946,0.009130363948413343,209.9383339721928
2947,,
2948,1.2263552245422036,53.311953744272586
2949,0.1646122435972617,530.7891449845638
2950,0.29032782004873986,759.8863152879636
2951,,
2952,,
2953,,
2954,-0.08424884702659702,166.19411625794768
2955,0.19670431991625387,491.8746269653643
2956,1.4822071042806015,137.97114828433016
2957,0.19809420060396069,2.941500371704811
2958,,
2959,-0.03189280366871229,711.0653124834408
2960,-0.010178088953174446,384.92061728873773
2961,0.5324249658119484,131.89107144980025
2962,0.23764539513012214,69.35796425788116
2963,,
2964,,
2965,,
2966,,
2967,,
2968,,
2969,0.3646938785996082,828.9571535713246
2970,,
2971,,
2972,,
2973,,
2974,-0.5912812609168547,535.3813177198781
2975,,
2976,,
2977,1.0169184129940516,5.526704071002236
2978,1.2218040942156558,110.30136801668688
2979,1.6101299148680388,4.6749344136840865
2980,,
2981,0.37931798824275653,292.3465084630353
2982,,
2983,,
2984,1.9400634520399662,440.98930991497457
2985,,
2986,,
2987,0.1718053099989923,160.00261679146394
2988,,
2989,,
2990,0.20754551141443855,182.91039133221082
2991,0.0257515065885419,1012.5222489279479
2992,,
2993,0.9822229468430134,43.21491407948621
2994,,
2995,-1.1796985422840063,385.82554723776366
2996,1.4757507506078198,420.8982696054461
2997,-0.23916540120761295,547.3000802235327
2998,1.0073868667729458,103.12262696252323
2999,0.05611016487706354,12.30013747971788
3000,,
3001,,
3002,,
3003,-0.02490601759614043,126.26377032876628
3004,,
3005,,
3006,,
3007,0.44503891123055084,30.15454669439634
3008,0.5832881963096089,31.05300785066048
3009,,
3010,-0.025174052849606183,245.14531341331912
3011,,
3012,0.007323792141000907,425.2568822709801
3013,,
3014,-4.608758710600727,791.5988303636635
3015,-0.8617495634442133,980.4276777620763
3016,1.0968503759899355,140.49122906504357
3017,,
3018,,
3019,-0.08080664160552192,191.57675396731176
3020,,
3021,0.683501844651424,45.30773350449982
3022,,
3023,,
3024,,
3025,,
3026,0.5445282697635419,123.73234162289762
3027,-0.02640381317070589,1412.9168427209804
3028,,
3029,,
3030,,
3031,0.8955242210989388,141.16870245316102
3032,,
3033,,
3034,,
3035,,
3036,,
3037,,
3038,,
3039,,
3040,,
3041,,
3042,0.6970528212214758,94.00878876792983
3043,,
3044,,
3045,,
3046,,
3047,-0.20681057948490422,384.8532780483622
3048,0.1541055671888392,410.89849084790075
3049,,
3050,-0.45838296541511236,568.412614935499
3051,,
3052,0.47475153350417043,37.41105374723402
3053,-0.08582255657419649,22.29699793189842
3054,,
3055,,
3056,,
3057,-2.740045472036027,576.0262385830989
3058,1.6277779631869513,1.0892535607825824
3059,0.6064067083583877,91.0148013229999
3060,0.7427113935449281,236.43368578381535
3061,,
3062,0.5998018669156735,148.4400200480901
3063,,
3064,,
3065,-1.6086928001562746,118.77527154322388
3066,0.36066974465710705,13.448776168603208
3067,,
3068,-0.46801983595060526,226.61570968881827
3069,-0.12407001069679642,322.47768727215845
3070,0.31085290155607903,147.04885341816092
3071,-0.10335020657358927,265.6624229310989
3072,,
3073,,
3074,-0.42497583519751814,154.13421763003353
3075,-1.5359387479892104,616.8279554412874
3076,,
3077,,
3078,1.5945862703991247,333.20602720554217
3079,0.14667162738355974,94.34951435695152
3080,,
3081,-0.03310626640014715,125.07307931969416
3082,,
3083,,
3084,,
3085,-0.263617601311642,279.1053783098625
3086,-1.5810324215635823,645.0866903587755
3087,0.20415128948651162,172.14528732662868
3088,0.089435918776101,147.02753735448516
3089,,
3090,1.6411420982233214,152.7033039525953
3091,-0.12056097027922442,210.06717363502688
3092,-0.6635227504374988,382.6154679545652
3093,-0.5319746097998488,39.79817720882234
3094,,
3095,0.06018538510197826,205.8451746654352
3096,,
3097,,
3098,,
3099,0.04193535054323692,545.8039703141532
3100,0.37238016316517236,284.87243706461754
3101,-0.3802189271688042,625.3705807251998
3102,0.273368900140853,682.5378089156857
3103,,
3104,,
3105,,
3106,,
3107,-0.0906259566604273,25.955944965750472
3108,-2.159320946204213,264.0053046678673
3109,-0.2038951829012788,173.47371314098285
3110,,
3111,,
3112,-2.3261292832166647,158.75530206095016
3113,0.5908740734878807,4.50703397357332
3114,,
3115,0.0581209228070797,36.41975952184976
3116,,
3117,,
3118,0.30883227944359815,4.445421221702464
3119,0.010037437702305245,217.1554364626756
3120,,
3121,0.020270162995119058,1425.7147921112135
3122,,
3123,-1.4618723241182423,2.3448495866202084
3124,,
3125,,
3126,,
3127,0.3129546168772417,7.402313451335965
3128,-0.7581403552582162,510.26171166251504
3129,,
3130,-16.236899209003255,553.3625806931623
3131,,
3132,,
3133,,
3134,0.1977024561999117,207.4553909468495
3135,,
3136,,
3137,0.18673359760404024,323.403829290911
3138,,
3139,-0.7497803676223642,430.7401661361527
3140,,
3141,0.6723622437429749,251.5106194950731
3142,,
3143,,
3144,-2.640703486146858,215.5300869877534
3145,,
3146,,
3147,0.1133217377649844,273.92262362073456
3148,0.90048852532324,2.8502074627078327
3149,0.19921786873384337,457.82987799444254
3150,1.2758696326053345,431.0145204293119
3151,,
3152,,
3153,0.061584548127241345,177.69370654079916
3154,,
3155,,
3156,0.3103364539393423,60.320206434494246
3157,,
3158,,
3159,-2.100127893091286,387.5650608747139
3160,-0.5264629090799848,386.8845119129473
3161,,
3162,,
3163,,
3164,-0.10395720331351684,989.8461677045487
3165,1.067557174684916,19.532087085069456
3166,,
3167,,
3168,,
3169,,
3170,,
3171,,
3172,1.1098354587127346,180.0469623242084
3173,0.49524244541940765,12.432418853852587
3174,-0.18937630169473738,710.7942550232369
3175,,
3176,-0.4444616083985225,19.69072374132694
3177,0.8821288097034591,15.621970442413655
3178,,
3179,,
3180,,
3181,,
3182,-3.5072861465920724,513.4656250464573
3183,-3.9436307191626057,23.231529027700674
3184,-1.8808459502391637,534.04025565333
3185,0.967274361523558,373.55079414217795
3186,,
3187,,
3188,,
3189,,
3190,0.7583755625322284,1.4358340389168334
3191,1.0537842187593038,150.40333877854917
3192,-0.4744265380968299,131.5670573855239
3193,0.6558205591146238,72.3423883277451
3194,,
3195,1.0765831023475572,15.983847367074322
3196,0.34018769411686506,10.585624330978625
3197,0.7368220431758812,7.569866798712631
3198,0.21124585069744314,199.2001075247197
3199,0.5871391445960505,9.762196390012464
3200,0.7065726419416231,73.07126389212786
3201,0.042489471688232854,1087.093413141685
3202,-1.696852011513323,629.6783994081115
3203,1.8318736857725006,8.66284027111191
3204,-0.04190909472728997,198.64886517995566
3205,0.0380243313778728,301.02178452670626
3206,,
3207,0.0312519591399227,400.86530262655486
3208,1.6691102964042197,132.05492958892208
3209,-0.283258669762579,173.60821108843624
3210,,
3211,0.097012919417013,169.34323014503408
3212,,
3213,,
3214,0.8661991483079329,93.19264912040215
3215,1.7193339843733875,13.407968634797532
3216,,
3217,,
3218,0.5745740822533673,136.96301503882728
3219,,
3220,,
3221,,
3222,,
3223,,
3224,,
3225,,
3226,,
3227,0.06766764547134264,655.3088203105215
3228,-3.185489367152645,5.206743744266227
3229,,
3230,1.8718340344037434,1.2117778512833737
3231,,
3232,,
3233,0.6687162064730915,155.64327189912848
3234,1.9230832637133033,1.483792182754988
3235,,
3236,,
3237,0.004412897216496435,40.57012782457268
3238,,
3239,,
3240,,
3241,,
3242,,
3243,,
3244,,
3245,0.030973949186877535,889.0329980422529
3246,,
3247,,
3248,0.24045894377033944,119.68278412228906
3249,0.09793155843167851,345.71723852146096
3250,1.6396413640631629,32.24423639834962
3251,-1.5375414302190533,58.549937637097734
3252,-0.12076186119746109,158.09323920597296
3253,0.5613964505502174,5.5978361519757724
3254,,
3255,-0.7016594257505105,459.21149864066325
3256,0.9616574723055665,21.054914495652664
3257,,
3258,,
3259,,
3260,,
3261,,
3262,,
3263,,
3264,0.2876764273301949,115.53931741058268
3265,,
3266,,
3267,,
3268,,
3269,-0.7560620305960335,147.78125515393913
3270,,
3271,0.48027319557622516,4.1679145131061
3272,,
3273,,
3274,,
3275,,
3276,-0.8587657379777812,5.070426286434309
3277,0.028995731783874223,658.2433810425383
3278,,
3279,,
3280,,
3281,,
3282,,
3283,,
3284,,
3285,,
3286,-0.03764067189883586,437.7659476806616
3287,,
3288,,
3289,,
3290,,
3291,,
3292,,
3293,,
3294,-0.3931259046844025,12.377781681854819
3295,1.9016411214986162,26.88108202838444
3296,-0.9448092057584262,1189.0927584923581
3297,,
3298,,
3299,,
3300,,
3301,0.1773977041642795,357.45032467544684
3302,,
3303,,
3304,-0.7818549286180314,9.891117859914406
3305,,
3306,,
3307,,
3308,-1.916811083342256,28.264653319286708
3309,,
3310,,
3311,,
3312,,
3313,0.8624108829577218,101.16303079999345
3314,0.6236322108859211,341.60055060154275
3315,-1.373458683850717,70.68855145622035
3316,,
3317,,
3318,,
3319,,
3320,-1.3536679775409037,10.491825839821834
3321,,
3322,-0.780437982748186,558.9193550948036
3323,,
3324,,
3325,1.3034515377510205,231.87580799880882
3326,,
3327,0.619148637542521,64.13411760038784
3328,,
3329,,
3330,,
3331,-0.3903375494836774,5.721077717455048
3332,0.7783869907883717,104.19485548352091
3333,,
3334,,
3335,,
3336,,
3337,-0.9082618936431079,467.9629709555686
3338,-3.7216361035923837,40.94602403866582
3339,,
3340,,
3341,-0.033777629933155244,385.8352718058965
3342,,
3343,,
3344,,
3345,-0.15404103797617302,394.7270047531264
3346,,
3347,,
3348,,
3349,-0.42864010634003963,262.9722667176193
3350,0.037688948213646614,141.17390886183009
3351,0.5846900475558227,105.96491300492605
3352,-0.6458749231181579,2.912161309303323
3353,,
3354,,
3355,0.7347210949800811,43.07935680250497
3356,,
3357,-0.993842637050408,30.206851752823273
3358,1.0280327940196479,71.38009287056671
3359,,
3360,,
3361,,
3362,,
3363,,
3364,,
3365,,
3366,,
3367,0.01557277455659391,507.90591627848266
3368,,
3369,1.304339244120705,267.87484769347395
3370,,
3371,,
3372,,
3373,,
3374,-2.475038239022678,17.578380140503914
3375,,
3376,,
3377,,
3378,,
3379,0.5222182022721099,165.60574686535878
3380,,
3381,,
3382,,
3383,,
3384,,
3385,,
3386,,
3387,,
3388,0.8078481260866193,200.0054911637127
3389,,
3390,,
3391,0.3103296803311281,225.78920508745276
3392,1.0657128602689407,331.7951657606902
3393,-0.5653346745796886,92.84718060340107
3394,,
3395,1.2136232514375986,142.92091842006965
3396,,
3397,,
3398,,
3399,1.8459792177396424,2.2307742359976475
3400,,
3401,,
3402,0.3032269884888115,6.91038658546835
3403,,
3404,,
3405,,
3406,1.4867318738624695,8.229692160997198
3407,,
3408,,
3409,0.8178129556625062,50.17233733447792
3410,,
3411,0.08555305976541498,630.0422610945332
3412,,
3413,0.32308053586373636,152.36085415718193
3414,0.2670760305003236,103.08992407045531
3415,0.09593312842906097,750.1975301085719
3416,1.0401273847547672,2.1332094953852474
3417,1.4411891937287111,6.219044402281068
3418,,
3419,,
3420,-3.0062653581065346,336.45494172562445
3421,,
3422,0.16266556731426648,99.29780243547938
3423,,
3424,,
3425,,
3426,-1.441215753125834,507.49227914629796
3427,-1.2235687459095803,438.71524926100386
3428,,
3429,,
3430,,
3431,,
3432,1.356702032493614,73.52136661762144
3433,,
3434,,
3435,,
3436,,
3437,,
3438,-8.7081333579237,534.0501287145393
3439,,
3440,0.1980336272258011,403.40163398119796
3441,-1.0152365180429619,605.1611500557738
3442,-3.7834198103419143,359.30480972977966
3443,-0.24457338593698172,547.2490820716446
3444,,
3445,,
3446,0.37703836166624194,471.0040362265579
3447,,
3448,0.9409418620970393,195.93315593272573
3449,1.2932544490644362,1.1898073513451657
3450,,
3451,,
3452,-0.3670795134201166,25.328993305163735
3453,,
3454,0.9555510206582256,158.68641659696053
3455,-0.8476399053037758,23.17889977605175
3456,,
3457,-0.18101690560513264,84.93097903423087
3458,,
3459,-1.368738398179408,1296.3661021376302
3460,,
3461,,
3462,,
3463,-0.5274077829262742,522.4786535539228
3464,,
3465,-0.4091532019828633,58.751475869567535
3466,-0.3335993341564361,430.6160272602794
3467,,
3468,,
3469,,
3470,,
3471,,
3472,,
3473,1.5739984802570517,19.575212091168716
3474,-0.5734376839226759,99.66603283754546
3475,,
3476,-2.7576548355065515,729.3205644201038
3477,-1.5666314958981242,22.60549698503141
3478,,
3479,,
3480,0.7056978590410469,103.14574190690716
3481,,
3482,,
3483,,
3484,-0.22133305780114282,374.35284964835375
3485,,
3486,,
3487,,
3488,,
3489,-3.843039492426724,27.27170309690265
3490,-0.714383111041197,182.86442413762813
3491,,
3492,1.0237524832970764,7.48572654699477
3493,0.18639806508806475,78.80682004314605
3494,,
3495,,
3496,-1.1143439603635246,640.5223228831771
3497,0.820389091700474,66.11763120231939
3498,,
3499,-0.216888329239583,152.7816910950798
3500,-0.7692684645936136,23.21866851691557
3501,-0.15607809252086388,344.04281615808867
3502,0.24211925524183542,246.94343769842678
3503,,
3504,,
3505,1.3304328290478957,41.327183463169
3506,0.9952125362403743,12.717886447185409
3507,,
3508,,
3509,1.799082712274406,1.3005677091773848
3510,,
3511,-1.3064050149816762,106.13701145448273
3512,,
3513,-0.4981668920181659,1211.7259093286877
3514,,
3515,,
3516,-0.9803122291075211,927.2018594951768
3517,,
3518,1.5419182493886312,15.139896781248444
3519,-3.396734594797483,742.752526918945
3520,,
3521,,
3522,,
3523,,
3524,,
3525,,
3526,,
3527,,
3528,,
3529,,
3530,-0.5201585551684971,647.1200648473467
3531,-0.050358721180674845,556.1976424905915
3532,1.151713489414648,123.58979050774799
3533,1.258863973159673,147.88758703987835
3534,,
3535,,
3536,,
3537,,
3538,-1.325312444840895,1093.6139902095454
3539,0.09516472498278414,155.9390705879262
3540,0.13441692071908418,329.6497396524861
3541,0.6290500764319009,9.604513125201947
3542,0.6972625157416805,66.43813796424607
3543,,
3544,,
3545,-0.6088339651870356,674.6844034038901
3546,0.168280133627384,369.85403673524587
3547,,
3548,,
3549,0.8309406410483233,148.36720018142967
3550,0.40399322597113346,622.6520688316767
3551,-1.7121388447518424,15.012523236057515
3552,0.16848978780111198,903.6876745432368
3553,,
3554,,
3555,,
3556,,
3557,,
3558,,
3559,,
3560,0.7034404404865899,3.4837835990213244
3561,,
3562,-1.5619928036598087,16.900674158300905
3563,,
3564,,
3565,1.0661285666626532,2.9463758165098968
3566,,
3567,,
3568,0.27688193119181437,359.788313058159
3569,,
3570,,
3571,,
3572,-0.024729173094055396,360.9109259090168
3573,0.2927686755298185,386.641061543711
3574,,
3575,0.8694528558929352,347.0270214572542
3576,1.4273769133302827,331.29680430544596
3577,-1.427908541473375,10.639680469786736
3578,-0.13834547953832463,101.63969330973453
3579,,
3580,,
3581,,
3582,,
3583,,
3584,0.3652070885425672,738.2259014511651
3585,0.48090482659166606,78.28548589227978
3586,,
3587,,
3588,,
3589,-0.037351371983790814,804.1105134990205
3590,,
3591,,
3592,1.3711578556424482,11.82851519648937
3593,,
3594,-0.8096599610671819,524.7876444132816
3595,1.3877493253920223,177.24768186243543
3596,0.564223610678216,841.1937846420232
3597,,
3598,,
3599,1.003423370043905,179.22281067397515
3600,,
3601,,
3602,,
3603,0.03461760192725218,439.4783691781126
3604,,
3605,,
3606,0.704476087491107,476.741364881165
3607,-0.03348393608861745,597.9495013849503
3608,-0.11286960014722178,1132.4498858976701
3609,,
3610,,
3611,-0.1602461296271422,359.33187192232566
3612,,
3613,-0.33705310762904794,83.59105410343321
3614,0.26625821433684177,592.3134808233824
3615,,
3616,,
3617,1.4128825149714561,29.59301521604385
3618,,
3619,,
3620,,
3621,,
3622,1.620305697706903,33.58055847514279
3623,0.6209418446034471,304.27077693931506
3624,,
3625,-0.11987465973944689,829.7540926086241
3626,,
3627,0.03410751747732872,1.5810096495243295
3628,,
3629,,
3630,,
3631,,
3632,,
3633,,
3634,0.6371477799675427,36.58518274475208
3635,0.2587540383459714,19.619933875780543
3636,-0.12423373468007666,212.26450733013496
3637,-4.165699733633722,713.5506973931863
3638,,
3639,,
3640,,
3641,,
3642,,
3643,,
3644,,
3645,,
3646,,
3647,,
3648,-0.790108392413174,1458.7232177750604
3649,-0.7067498691010399,24.118250941069235
3650,0.2266077637735458,56.88201261485903
3651,0.17417372698100186,83.97900610429063
3652,,
3653,,
3654,0.19836952676019948,93.43633248063576
3655,0.7851968270632582,256.4523938836514
3656,,
3657,,
3658,0.9224107965900673,227.72749754771905
3659,,
3660,-0.024663323435403138,127.35858729345182
3661,,
3662,,
3663,,
3664,0.09598747508778686,222.30080681009167
3665,,
3666,0.8094215491272985,47.13945987581566
3667,,
3668,,
3669,,
3670,-0.7008330199893139,498.1973770519305
3671,,
3672,-2.5119844770513264,449.37976212228176
3673,0.7234371421896624,213.94381179044055
3674,,
3675,,
3676,,
3677,,
3678,-0.2510352461685196,96.99161781773435
3679,-1.264046988940766,621.4797709815641
3680,,
3681,0.5384927822694077,100.02332014877842
3682,,
3683,,
3684,,
3685,0.5805132241429964,226.74906404011904
3686,-0.6023199946568983,134.56473390473275
3687,,
3688,0.3331105524553844,145.0167328980528
3689,-0.8004390545866772,25.4217107752696
3690,,
3691,,
3692,,
3693,,
3694,,
3695,,
3696,0.24312498902677368,754.2096955924274
3697,1.274452287827032,49.22550645060498
3698,0.6266193521151573,109.26193791878399
3699,1.9080682261076278,4.076516906856857
3700,,
3701,-1.7311626322098865,158.45863310365388
3702,,
3703,1.1375111098822046,22.48480937451603
3704,-0.028390417104430094,32.83820299408709
3705,,
3706,,
3707,,
3708,0.7869302727197985,118.15903994515126
3709,-0.1593655529687443,20.448036189974932
3710,0.1692476504672506,17.44122178261156
3711,1.8421490378906182,76.14556029477355
3712,1.6509369102802303,21.927926529587445
3713,,
3714,,
3715,,
3716,,
3717,,
3718,,
3719,1.392550485035569,52.69696245484687
3720,0.2931106511086947,225.08540086340648
3721,,
3722,-0.8243100856515054,1548.0014760020663
3723,-0.09119688600033114,358.3006549205912
3724,,
3725,-0.2113684043124844,1350.7877971297298
3726,-0.08977947272051429,716.5878393101622
3727,0.07895634827238317,666.4641658838692
3728,1.0760865666437112,204.96016280168453
3729,,
3730,,
3731,,
3732,,
3733,,
3734,0.19902326638259718,156.60816435088012
3735,0.2684216904250178,201.96001795698876
3736,0.2355524615862438,724.6652815219347
3737,0.8685377820277603,199.9254638378813
3738,,
3739,-0.01154366222325963,185.2387222850903
3740,,
3741,0.008682927346115263,130.37032751422637
3742,1.4180550067588806,393.2307191144279
3743,,
3744,,
3745,1.0775482712701947,18.918994981913702
3746,,
3747,1.3322642083127845,13.02576007482836
3748,,
3749,-0.8697379231718708,834.6425333030119
3750,-0.20428434399307296,178.12883577137995
3751,0.016215963333495922,393.3762528156142
3752,,
3753,0.6507068035546644,39.69128598131164
3754,-0.038961571964068485,344.440210013366
3755,0.2608819513043281,169.16346400916942
3756,0.6173331318465533,19.692257491081353
3757,,
3758,,
3759,,
3760,1.8749947944637855,284.40645719761426
3761,-0.14233300828805978,3244.6404963752593
3762,,
3763,,
3764,,
3765,,
3766,-0.9243814098942841,74.38169772607432
3767,,
3768,,
3769,0.7311529533065203,165.4436874832707
3770,0.694138323665327,44.91880151470425
3771,,
3772,1.0264464469469914,32.07335574348509
3773,1.9883925021379223,9.367521458046898
3774,1.1924236992567776,34.508024137828066
3775,,
3776,-0.2900941146311832,60.22868630548952
3777,0.1420345802598697,781.8758072900845
3778,0.38684305143218994,7.458470898838123
3779,1.1462913967525172,244.1085621269138
3780,,
3781,-1.8642818807453714,277.5908191446995
3782,0.8410910368020135,273.7511738282944
3783,-0.3194538826424712,46.09603229197261
3784,,
3785,,
3786,,
3787,,
3788,,
3789,0.43541425259134753,2.7301983506167917
3790,,
3791,,
3792,,
3793,-0.2752199826830368,0.326521602885367
3794,-0.29807000387607413,123.10988717359288
3795,0.33698346505406196,32.475830902311564
3796,-0.2659495132803657,455.88699716103764
3797,,
3798,,
3799,,
3800,,
3801,,
3802,,
3803,,
3804,1.3010384563512616,18.32883218817605
3805,,
3806,-0.8715827019526089,301.6655195646315
3807,,
3808,1.403668718250245,170.15981535053413
3809,,
3810,0.849562797178394,55.7278138395711
3811,,
3812,0.4570495731922734,193.30162535528532
3813,1.9194458555098621,2.8971269414207788
3814,,
3815,,
3816,-0.02985402640679588,0.43187393240160193
3817,,
3818,,
3819,,
3820,,
3821,,
3822,,
3823,,
3824,,
3825,0.2574857007570372,216.01630514440228
3826,0.8834097175384696,66.3382047692748
3827,,
3828,,
3829,-0.1557549843069515,1909.8209057578583
3830,-0.10321171985637716,400.6015140757723
3831,0.653511987662928,15.000308326201136
3832,,
3833,0.8816433501074175,20.332871380159343
3834,-0.62554805302055,28.691918053146157
3835,,
3836,,
3837,1.066899114022209,204.4076671009969
3838,0.2386537553867625,305.02395186397746
3839,0.24690944474481952,333.9531734911076
3840,-0.07870436433642888,228.2297192530513
3841,0.5904122903052366,217.72923663196931
3842,,
3843,,
3844,0.5055674646782206,14.623641248034914
3845,,
3846,0.7057557506745449,117.46376278501963
3847,0.5712572217017082,1.7571155215665948
3848,1.1545846067762213,6.367186442383016
3849,,
3850,,
3851,-0.7186847117522489,215.5419697549687
3852,,
3853,,
3854,,
3855,,
3856,,
3857,,
3858,1.1911024308388811,267.47757551464525
3859,,
3860,,
3861,,
3862,1.5644338031813092,17.500767543733595
3863,,
3864,,
3865,,
3866,,
3867,0.6866834566071284,9.51222470522814
3868,0.03580587921838713,141.34050345366092
3869,0.25352666581135436,271.1323936679158
3870,,
3871,0.16980088180533806,113.9842902926437
3872,1.3075256629166478,63.36549078906223
3873,-0.5600524783716183,416.60112545286813
3874,,
3875,,
3876,-0.5144029331896401,1056.470298269421
3877,1.8739289433456996,50.14401927364621
3878,-0.009531809013027968,689.7641675410313
3879,1.3433791887459983,56.27971270665151
3880,,
3881,1.0315798385056543,155.23447118906878
3882,0.6594961545969029,68.5870135724139
3883,0.6512127648024997,12.04534370864408
3884,-0.4249718834777447,6.610255911759216
3885,,
3886,0.04706454434740888,52.940526055080646
3887,-0.0013797356589224747,313.3050687349163
3888,-0.46348750950386586,289.26477149415865
3889,0.10673172980451846,1154.1510428300621
3890,,
3891,,
3892,-0.44650943748091726,26.88884845656837
3893,,
3894,,
3895,,
3896,,
3897,,
3898,,
3899,-0.31721663215531665,943.5910271257683
3900,0.6618422727890914,84.97651954239558
3901,,
3902,,
3903,0.025158972106631584,426.1881063935461
3904,,
3905,-2.199938383963306,696.0771973890982
3906,,
3907,0.015457126932540144,770.9743008890865
3908,-0.7951853285555592,69.18021600801357
3909,,
3910,,
3911,-1.8273617746849373,496.16030342121604
3912,,
3913,,
3914,,
3915,0.16853003152517929,506.03816021486625
3916,,
3917,,
3918,,
3919,,
3920,,
3921,0.050699767309795536,299.32817790123926
3922,,
3923,-2.8985661345262366,18.911128439106605
3924,,
3925,,
3926,1.5423128336616205,11.914937575052848
3927,,
3928,1.7173181559675583,3.1143057058457404
3929,0.5585447362803139,341.610184568378
3930,0.7685479294836944,12.869236916061885
3931,,
3932,-0.605779264779642,94.43645469115367
3933,,
3934,0.7723898202399855,28.325460836638978
3935,,
3936,,
3937,0.460656861230215,194.64655478639813
3938,,
3939,,
3940,,
3941,0.1261779777543435,428.0513928189297
3942,,
3943,-1.8195251716010894,5.5969253598480115
3944,0.03630595637773331,38.74514849911872
3945,0.24892857986645556,17.5707836367051
3946,,
3947,,
3948,,
3949,,
3950,,
3951,,
3952,,
3953,1.2367818479819066,0.829471411719817
3954,,
3955,,
3956,0.7172822678845096,78.58515378656885
3957,,
3958,,
3959,,
3960,0.6132347232351953,59.08680095728164
3961,,
3962,,
3963,,
3964,,
3965,-0.0857911600402166,475.0050087013872
3966,,
3967,,
3968,-0.6210913297714197,279.33957828115285
3969,0.6399525148832722,489.92567754720346
3970,-0.009218584491731045,9.839595692380982
3971,-2.623681687310481,4.255919517653189
3972,0.06967188529205377,938.5722823313439
3973,,
3974,1.8314848583509604,8.862235579983508
3975,,
3976,0.8446360767511178,115.02704663049164
3977,0.7206913975157716,72.71308147709941
3978,,
3979,,
3980,,
3981,,
3982,,
3983,,
3984,,
3985,0.2635750515043635,111.06155958185253
3986,-0.06174462931624697,563.2437401375332
3987,0.9830506427182168,15.49503239526382
3988,,
3989,,
3990,,
3991,-0.051313759634558344,1146.73414823272
3992,0.25760405386793744,126.86671657697785
3993,0.876633518849531,73.50957909910122
3994,0.9959513176426577,40.62060109690576
3995,,
3996,,
3997,,
3998,0.7467592883327139,11.503499013790824
3999,,
4000,,
4001,-0.2627466185013219,440.6121846845182
4002,,
4003,-0.37780648214323703,288.2411340884278
4004,,
4005,,
4006,,
4007,,
4008,,
4009,,
4010,1.3624759010736303,54.17313533323553
4011,,
4012,-0.9479700558273334,592.6951428491279
4013,0.025932440187766314,55.04335924995483
4014,,
4015,0.7803547392951666,162.4934055488275
4016,,
4017,1.4010452851651805,26.706593521044958
4018,0.9727959709405162,124.4066151020209
4019,-2.436798502310199,2.8252645482849226
4020,,
4021,,
4022,,
4023,,
4024,,
4025,,
4026,,
4027,,
4028,,
4029,,
4030,,
4031,,
4032,1.898382750294252,340.02749830597327
4033,1.0260007314030721,352.28116389493533
4034,0.8970064882654188,88.30264174492834
4035,0.2859779880899599,32.79554543340597
4036,,
4037,1.0252925106927524,75.12744478082176
4038,0.9426896165729098,249.83020638584836
4039,,
4040,1.359836184507799,362.1757582840749
4041,,
4042,0.1671365102605901,231.90588104375726
4043,,
4044,0.9519441540626125,331.4157579378437
4045,0.7210150503835746,15.268377886990542
4046,,
4047,,
4048,,
4049,0.22592328401458062,257.06723142382185
4050,0.005026420521521276,1557.177941570751
4051,,
4052,,
4053,,
4054,,
4055,0.01425428172305082,358.8506706192187
4056,,
4057,,
4058,-0.22463596933628524,314.6935710686174
4059,,
4060,0.03060879738788849,582.400013072102
4061,0.30317448146209863,363.2246415151615
4062,0.16732110705793088,936.425290937395
4063,,
4064,,
4065,-0.09909510717765727,535.1927373005404
4066,0.4607927116857958,134.04481237934309
4067,,
4068,,
4069,0.4001072607150187,766.1578550676771
4070,0.033376004668029,760.9938497212532
4071,1.0042523447517684,7.232553519986539
4072,0.14540955930688765,73.4849912605745
4073,0.9291807758637313,405.7318523096494
4074,,
4075,1.1403345199223343,89.60259508659708
4076,,
4077,,
4078,1.0318661171576828,10.852568605516147
4079,,
4080,-0.49823186376773576,13.715316110870555
4081,0.3915309379037645,111.78812269681674
4082,,
4083,1.3595362560086621,36.72651141528199
4084,,
4085,1.4761528002113087,9.477809555571929
4086,,
4087,,
4088,,
4089,1.9827008616305093,58.76339348356284
4090,-0.0007695122078718744,657.2945134350565
4091,-0.5115340552664023,464.93840257055314
4092,1.0006713138001888,6.023720836663476
4093,-4.059416162688894,432.6439002824139
4094,-0.6483373440203916,278.97125163806163
4095,,
4096,-0.02082116327410725,129.75716802911643
4097,0.4711205260427013,218.71574807794698
4098,,
4099,-0.09906396890081484,448.422050648549
4100,,
4101,0.2885109754848632,570.5770593779974
4102,,
4103,,
4104,,
4105,1.0626729491125537,149.37601121004192
4106,,
4107,1.4694834414904185,233.8910927499766
4108,1.0844239866656566,131.27241073161701
4109,,
4110,,
4111,0.190105448772422,57.895656981894255
4112,,
4113,0.02886446000786824,175.87493347515115
4114,0.5985064375773473,262.1350429413375
4115,,
4116,-4.843365004271439,72.070824497251
4117,,
4118,,
4119,1.6778454007939783,20.70954469888312
4120,,
4121,0.06921747678159461,1688.02990981146
4122,,
4123,,
4124,-0.6481342197404353,640.2747368473676
4125,,
4126,,
4127,1.2920372694702045,134.92095964112033
4128,,
4129,,
4130,0.5283289528228484,81.60192942082395
4131,0.5256465619769408,203.77163735050985
4132,-0.538622135890398,117.42789226638716
4133,,
4134,0.0216524935479131,312.9850309108995
4135,,
4136,,
4137,,
4138,,
4139,,
4140,-0.4649676433996552,8.612630959602377
4141,,
4142,,
4143,,
4144,,
4145,,
4146,,
4147,,
4148,-0.029236053735157745,591.4936609103196
4149,0.19922066444772987,749.3130696363131
4150,,
4151,,
4152,,
4153,-4.786622815237356,22.53603309028545
4154,,
4155,,
4156,,
4157,0.47514216193300396,795.158750862946
4158,,
4159,,
4160,-1.016488914969829,329.51826904954225
4161,-0.4721170545240207,413.16138160254053
4162,1.156099827463913,193.1069219950614
4163,-0.10771661779342336,923.9677629054013
4164,0.07826885464706905,118.40597653129518
4165,-0.11683600552422042,357.6569430217593
4166,,
4167,0.8937725126321564,160.36851331171567
4168,,
4169,0.7807377945312087,51.523969895884946
4170,0.21385180792997271,285.2420442035808
4171,,
4172,-6.382085559185636,604.4287348007724
4173,,
4174,1.2173761620792822,189.48957735381234
4175,0.7133428883346327,1.1714543356669127
4176,,
4177,,
4178,,
4179,1.7804996817358676,17.80561781671349
4180,,
4181,,
4182,,
4183,-0.0768527251056055,325.5545273120598
4184,,
4185,,
4186,1.7899117951459553,166.59046643241058
4187,-0.18655595137828807,913.816461633271
4188,,
4189,,
4190,,
4191,-0.6639513701913721,1073.7625794041758
4192,,
4193,,
4194,,
4195,,
4196,,
4197,,
4198,,
4199,,
4200,,
4201,,
4202,,
4203,,
4204,1.046243833806546,18.42847856604647
4205,0.6322931717729112,270.63629440278294
4206,,
4207,-0.04034097828739634,1374.6738866283847
4208,,
4209,0.8775253434350371,384.3851025939316
4210,,
4211,,
4212,-2.090973554800446,432.2550303559755
4213,,
4214,,
4215,,
4216,,
4217,,
4218,,
4219,,
4220,-0.12198912423270385,1548.226036666469
4221,,
4222,0.631258848468707,504.0995565860919
4223,,
4224,,
4225,,
4226,,
4227,,
4228,1.370416615815334,80.49142717499751
4229,1.9430550630158563,171.3208444597512
4230,,
4231,,
4232,-0.5422775103422334,174.6757610914159
4233,0.3931059764029952,354.8844163324583
4234,0.641526540136937,626.0734927957772
4235,,
4236,,
4237,,
4238,,
4239,,
4240,0.626388208723901,65.58757398653874
4241,0.8955716123087352,9.753718840137374
4242,1.7123448370339842,256.7457588888227
4243,,
4244,,
4245,,
4246,,
4247,,
4248,0.5755198096797265,539.7405086997292
4249,-1.6860490062242712,258.3707710291235
4250,-1.5275859692485565,959.1389105208382
4251,,
4252,,
4253,,
4254,,
4255,,
4256,,
4257,,
4258,,
4259,,
4260,,
4261,,
4262,,
