source_file,Genotype,metric,value,geno_mean,geno_std,z_score,is_outlier
MUT-1.tif,MUT,step_distance_mean,15.611803094121502,14.445958478505124,1.7957743297943496,0.6492155480081335,False
MUT-2.tif,MUT,step_distance_mean,11.512490196519341,14.445958478505124,1.7957743297943496,-1.6335394895202235,False
MUT-3.tif,MUT,step_distance_mean,13.008981379498257,14.445958478505124,1.7957743297943496,-0.8001991537385594,False
MUT-5.tif,MUT,step_distance_mean,15.634438868468301,14.445958478505124,1.7957743297943496,0.6618205696810915,False
MUT-6.tif,MUT,step_distance_mean,14.884002050625655,14.445958478505124,1.7957743297943496,0.24393018925195087,False
MUT-7.tif,MUT,step_distance_mean,16.024035281797687,14.445958478505124,1.7957743297943496,0.8787723363176053,False
WT-1.tif,WT,step_distance_mean,8.025767734493908,12.665546000462603,3.4578408376516445,-1.341813716654394,False
WT-10.tif,WT,step_distance_mean,15.819728799026208,12.665546000462603,3.4578408376516445,0.9121827598941004,False
WT-2.tif,WT,step_distance_mean,8.00766443457042,12.665546000462603,3.4578408376516445,-1.3470491513587226,False
WT-3.tif,WT,step_distance_mean,10.701020821432968,12.665546000462603,3.4578408376516445,-0.5681363808415837,False
WT-4.tif,WT,step_distance_mean,10.08620532387937,12.665546000462603,3.4578408376516445,-0.7459396767188873,False
WT-5.tif,WT,step_distance_mean,15.748740342870505,12.665546000462603,3.4578408376516445,0.8916530537888552,False
WT-6.tif,WT,step_distance_mean,12.515717049909755,12.665546000462603,3.4578408376516445,-0.04333020447945285,False
WT-7.tif,WT,step_distance_mean,18.180581652459882,12.665546000462603,3.4578408376516445,1.5949362364933939,False
WT-8.tif,WT,step_distance_mean,14.64372381501579,12.665546000462603,3.4578408376516445,0.5720846931452879,False
WT-9.tif,WT,step_distance_mean,12.926310030967228,12.665546000462603,3.4578408376516445,0.07541238673140309,False
MUT-1.tif,MUT,step_distance_std,16.835698016699897,16.377958664790537,2.7174573872162715,0.16844398519833378,False
MUT-2.tif,MUT,step_distance_std,13.36904638556221,16.377958664790537,2.7174573872162715,-1.1072527920338864,False
MUT-3.tif,MUT,step_distance_std,14.11353007827093,16.377958664790537,2.7174573872162715,-0.8332894554932684,False
MUT-5.tif,MUT,step_distance_std,20.981301973720296,16.377958664790537,2.7174573872162715,1.6939891424186653,False
MUT-6.tif,MUT,step_distance_std,15.67203431388954,16.377958664790537,2.7174573872162715,-0.2597738438224919,False
MUT-7.tif,MUT,step_distance_std,17.29614122060036,16.377958664790537,2.7174573872162715,0.3378829637326527,False
WT-1.tif,WT,step_distance_std,11.605507634938077,14.529417253542613,2.3077239877891054,-1.2670101078273934,False
WT-10.tif,WT,step_distance_std,16.740373491170715,14.529417253542613,2.3077239877891054,0.9580678839094136,False
WT-2.tif,WT,step_distance_std,11.124702440859963,14.529417253542613,2.3077239877891054,-1.4753561650778295,False
WT-3.tif,WT,step_distance_std,13.608738858830852,14.529417253542613,2.3077239877891054,-0.39895516083524724,False
WT-4.tif,WT,step_distance_std,12.743347161253112,14.529417253542613,2.3077239877891054,-0.7739530817984128,False
WT-5.tif,WT,step_distance_std,18.246304095997058,14.529417253542613,2.3077239877891054,1.6106288542831222,False
WT-6.tif,WT,step_distance_std,13.997584611575338,14.529417253542613,2.3077239877891054,-0.23045764778689717,False
WT-7.tif,WT,step_distance_std,16.210431956454695,14.529417253542613,2.3077239877891054,0.7284297046816951,False
WT-8.tif,WT,step_distance_std,15.40493339598749,14.529417253542613,2.3077239877891054,0.37938512017793646,False
WT-9.tif,WT,step_distance_std,15.612248888358844,14.529417253542613,2.3077239877891054,0.4692206002736175,False
MUT-1.tif,MUT,step_distance_median,8.666645817463856,7.730417238328762,2.357941015472166,0.3970534347516824,False
MUT-2.tif,MUT,step_distance_median,4.574750295964797,7.730417238328762,2.357941015472166,-1.3383146235030217,False
MUT-3.tif,MUT,step_distance_median,7.082039370503901,7.730417238328762,2.357941015472166,-0.27497628802857327,False
MUT-5.tif,MUT,step_distance_median,5.84777865493235,7.730417238328762,2.357941015472166,-0.7984247998754214,False
MUT-6.tif,MUT,step_distance_median,9.179216291209242,7.730417238328762,2.357941015472166,0.6144339673358474,False
MUT-7.tif,MUT,step_distance_median,11.032072999898427,7.730417238328762,2.357941015472166,1.4002283093194865,False
WT-1.tif,WT,step_distance_median,2.8877658228601355,6.676191278450608,3.8436444017314613,-0.9856337006315895,False
WT-10.tif,WT,step_distance_median,9.012105941403707,6.676191278450608,3.8436444017314613,0.6077343320055391,False
WT-2.tif,WT,step_distance_median,2.4974454426418267,6.676191278450608,3.8436444017314613,-1.0871832560593706,False
WT-3.tif,WT,step_distance_median,3.505125749448969,6.676191278450608,3.8436444017314613,-0.8250153233668434,False
WT-4.tif,WT,step_distance_median,4.9988297363059955,6.676191278450608,3.8436444017314613,-0.4363987317320522,False
WT-5.tif,WT,step_distance_median,8.338563131644564,6.676191278450608,3.8436444017314613,0.4324988681172227,False
WT-6.tif,WT,step_distance_median,6.7738156541202095,6.676191278450608,3.8436444017314613,0.025398909333450456,False
WT-7.tif,WT,step_distance_median,15.278780910929258,6.676191278450608,3.8436444017314613,2.2381335871246075,True
WT-8.tif,WT,step_distance_median,8.472299651408125,6.676191278450608,3.8436444017314613,0.46729306492255573,False
WT-9.tif,WT,step_distance_median,4.997180743743279,6.676191278450608,3.8436444017314613,-0.4368277497135215,False
MUT-1.tif,MUT,step_distance_min,0.0,0.0,0.0,0.0,False
MUT-2.tif,MUT,step_distance_min,0.0,0.0,0.0,0.0,False
MUT-3.tif,MUT,step_distance_min,0.0,0.0,0.0,0.0,False
MUT-5.tif,MUT,step_distance_min,0.0,0.0,0.0,0.0,False
MUT-6.tif,MUT,step_distance_min,0.0,0.0,0.0,0.0,False
MUT-7.tif,MUT,step_distance_min,0.0,0.0,0.0,0.0,False
WT-1.tif,WT,step_distance_min,0.0,0.0,0.0,0.0,False
WT-10.tif,WT,step_distance_min,0.0,0.0,0.0,0.0,False
WT-2.tif,WT,step_distance_min,0.0,0.0,0.0,0.0,False
WT-3.tif,WT,step_distance_min,0.0,0.0,0.0,0.0,False
WT-4.tif,WT,step_distance_min,0.0,0.0,0.0,0.0,False
WT-5.tif,WT,step_distance_min,0.0,0.0,0.0,0.0,False
WT-6.tif,WT,step_distance_min,0.0,0.0,0.0,0.0,False
WT-7.tif,WT,step_distance_min,0.0,0.0,0.0,0.0,False
WT-8.tif,WT,step_distance_min,0.0,0.0,0.0,0.0,False
WT-9.tif,WT,step_distance_min,0.0,0.0,0.0,0.0,False
MUT-1.tif,MUT,step_distance_max,115.59424189832338,94.04536773383437,27.319918119212414,0.7887605691371019,False
MUT-2.tif,MUT,step_distance_max,64.87276133283045,94.04536773383437,27.319918119212414,-1.0678145620242039,False
MUT-3.tif,MUT,step_distance_max,81.51859026555599,94.04536773383437,27.319918119212414,-0.4585217793705272,False
MUT-5.tif,MUT,step_distance_max,137.74311337764823,94.04536773383437,27.319918119212414,1.5994830384606435,False
MUT-6.tif,MUT,step_distance_max,76.23662756414018,94.04536773383437,27.319918119212414,-0.6518592073367306,False
MUT-7.tif,MUT,step_distance_max,88.30687196450792,94.04536773383437,27.319918119212414,-0.21004805886628622,False
WT-1.tif,WT,step_distance_max,87.93185512322954,83.25484357793003,15.356716680055637,0.3045580408065823,False
WT-10.tif,WT,step_distance_max,90.64698511269243,83.25484357793003,15.356716680055637,0.48136210941254537,False
WT-2.tif,WT,step_distance_max,58.57022884851776,83.25484357793003,15.356716680055637,-1.607414868926451,False
WT-3.tif,WT,step_distance_max,72.06895028259446,83.25484357793003,15.356716680055637,-0.7284039634502815,False
WT-4.tif,WT,step_distance_max,68.97416076078936,83.25484357793003,15.356716680055637,-0.9299307341970793,False
WT-5.tif,WT,step_distance_max,111.35268413170822,83.25484357793003,15.356716680055637,1.8296776022618129,False
WT-6.tif,WT,step_distance_max,74.6932167791643,83.25484357793003,15.356716680055637,-0.5575167516038794,False
WT-7.tif,WT,step_distance_max,89.17590874041812,83.25484357793003,15.356716680055637,0.38556843144589675,False
WT-8.tif,WT,step_distance_max,97.62969280024515,83.25484357793003,15.356716680055637,0.9360626702831794,False
WT-9.tif,WT,step_distance_max,81.50475319994099,83.25484357793003,15.356716680055637,-0.11396253603232451,False
MUT-1.tif,MUT,area_mean,404.33486993743827,409.7711221960967,51.69444603033298,-0.10516124412027913,False
MUT-2.tif,MUT,area_mean,403.9138888888889,409.7711221960967,51.69444603033298,-0.11330488586280518,False
MUT-3.tif,MUT,area_mean,418.286231884058,409.7711221960967,51.69444603033298,0.16472001040430603,False
MUT-5.tif,MUT,area_mean,466.59334565619224,409.7711221960967,51.69444603033298,1.0991939719550083,False
MUT-6.tif,MUT,area_mean,317.41896869244937,409.7711221960967,51.69444603033298,-1.78650049658057,False
MUT-7.tif,MUT,area_mean,448.0794281175536,409.7711221960967,51.69444603033298,0.7410526442043419,False
WT-1.tif,WT,area_mean,353.48163452708906,439.4936149205032,84.30549788104287,-1.0202416515560964,False
WT-10.tif,WT,area_mean,484.66714285714284,439.4936149205032,84.30549788104287,0.5358313404468661,False
WT-2.tif,WT,area_mean,332.80148799458914,439.4936149205032,84.30549788104287,-1.2655417452899607,False
WT-3.tif,WT,area_mean,433.23110893032384,439.4936149205032,84.30549788104287,-0.07428348266225666,False
WT-4.tif,WT,area_mean,582.3669384729429,439.4936149205032,84.30549788104287,1.694709445332231,False
WT-5.tif,WT,area_mean,338.6180228648285,439.4936149205032,84.30549788104287,-1.1965482037483801,False
WT-6.tif,WT,area_mean,474.4733242134063,439.4936149205032,84.30549788104287,0.4149161107174801,False
WT-7.tif,WT,area_mean,403.4730705163798,439.4936149205032,84.30549788104287,-0.42726210400832104,False
WT-8.tif,WT,area_mean,453.3095890410959,439.4936149205032,84.30549788104287,0.16387987103862847,False
WT-9.tif,WT,area_mean,538.513829787234,439.4936149205032,84.30549788104287,1.1745404197298117,False
MUT-1.tif,MUT,area_std,266.452825432421,298.42000014990043,55.08973975884342,-0.5802745639644783,False
MUT-2.tif,MUT,area_std,303.6988279995185,298.42000014990043,55.08973975884342,0.09582234137838161,False
MUT-3.tif,MUT,area_std,289.3229529865609,298.42000014990043,55.08973975884342,-0.16513142380345358,False
MUT-5.tif,MUT,area_std,386.3260942914894,298.42000014990043,55.08973975884342,1.5956890434843203,False
MUT-6.tif,MUT,area_std,222.5795862825674,298.42000014990043,55.08973975884342,-1.376670396326542,False
MUT-7.tif,MUT,area_std,322.13971390684566,298.42000014990043,55.08973975884342,0.4305649992317772,False
WT-1.tif,WT,area_std,196.93337021389712,324.0234621281148,113.42606418199671,-1.1204663833728414,False
WT-10.tif,WT,area_std,330.1264669539955,324.0234621281148,113.42606418199671,0.053806017778137705,False
WT-2.tif,WT,area_std,155.88011778583086,324.0234621281148,113.42606418199671,-1.4824048207517022,False
WT-3.tif,WT,area_std,288.1016806162873,324.0234621281148,113.42606418199671,-0.3166977693432924,False
WT-4.tif,WT,area_std,445.8532074745268,324.0234621281148,113.42606418199671,1.0740895068961511,False
WT-5.tif,WT,area_std,212.5696703728941,324.0234621281148,113.42606418199671,-0.9826118234728531,False
WT-6.tif,WT,area_std,401.25775430927513,324.0234621281148,113.42606418199671,0.6809219092468448,False
WT-7.tif,WT,area_std,300.5165635515696,324.0234621281148,113.42606418199671,-0.20724424096059071,False
WT-8.tif,WT,area_std,421.2695067342036,324.0234621281148,113.42606418199671,0.857351838022464,False
WT-9.tif,WT,area_std,487.72628326866703,324.0234621281148,113.42606418199671,1.4432557659576768,False
MUT-1.tif,MUT,area_median,359.0,349.1666666666667,43.54499588548226,0.22582005425362117,False
MUT-2.tif,MUT,area_median,331.0,349.1666666666667,43.54499588548226,-0.4171929815871997,False
MUT-3.tif,MUT,area_median,377.0,349.1666666666667,43.54499588548226,0.6391855772941488,False
MUT-5.tif,MUT,area_median,382.0,349.1666666666667,43.54499588548226,0.7540093336942955,False
MUT-6.tif,MUT,area_median,269.0,349.1666666666667,43.54499588548226,-1.8410075609490173,False
MUT-7.tif,MUT,area_median,377.0,349.1666666666667,43.54499588548226,0.6391855772941488,False
WT-1.tif,WT,area_median,330.0,366.4,56.56648006254823,-0.6434906319033954,False
WT-10.tif,WT,area_median,418.5,366.4,56.56648006254823,0.9210401626968938,False
WT-2.tif,WT,area_median,314.0,366.4,56.56648006254823,-0.9263436569158771,False
WT-3.tif,WT,area_median,388.0,366.4,56.56648006254823,0.38185158376685063,False
WT-4.tif,WT,area_median,480.0,366.4,56.56648006254823,2.00825647758862,True
WT-5.tif,WT,area_median,301.0,366.4,56.56648006254823,-1.1561617397385184,False
WT-6.tif,WT,area_median,362.5,366.4,56.56648006254823,-0.068945424846792,False
WT-7.tif,WT,area_median,343.0,366.4,56.56648006254823,-0.413672549080754,False
WT-8.tif,WT,area_median,320.0,366.4,56.56648006254823,-0.8202737725361964,False
WT-9.tif,WT,area_median,407.0,366.4,56.56648006254823,0.7177395509691726,False
MUT-1.tif,MUT,area_min,1.0,2.5,2.345207879911715,-0.6396021490668313,False
MUT-2.tif,MUT,area_min,1.0,2.5,2.345207879911715,-0.6396021490668313,False
MUT-3.tif,MUT,area_min,6.0,2.5,2.345207879911715,1.4924050144892729,False
MUT-5.tif,MUT,area_min,1.0,2.5,2.345207879911715,-0.6396021490668313,False
MUT-6.tif,MUT,area_min,1.0,2.5,2.345207879911715,-0.6396021490668313,False
MUT-7.tif,MUT,area_min,5.0,2.5,2.345207879911715,1.0660035817780522,False
WT-1.tif,WT,area_min,1.0,1.1,0.31622776601683794,-0.3162277660168382,False
WT-10.tif,WT,area_min,2.0,1.1,0.31622776601683794,2.846049894151541,True
WT-2.tif,WT,area_min,1.0,1.1,0.31622776601683794,-0.3162277660168382,False
WT-3.tif,WT,area_min,1.0,1.1,0.31622776601683794,-0.3162277660168382,False
WT-4.tif,WT,area_min,1.0,1.1,0.31622776601683794,-0.3162277660168382,False
WT-5.tif,WT,area_min,1.0,1.1,0.31622776601683794,-0.3162277660168382,False
WT-6.tif,WT,area_min,1.0,1.1,0.31622776601683794,-0.3162277660168382,False
WT-7.tif,WT,area_min,1.0,1.1,0.31622776601683794,-0.3162277660168382,False
WT-8.tif,WT,area_min,1.0,1.1,0.31622776601683794,-0.3162277660168382,False
WT-9.tif,WT,area_min,1.0,1.1,0.31622776601683794,-0.3162277660168382,False
MUT-1.tif,MUT,area_max,2229.0,2443.6666666666665,338.3599661110438,-0.6344328176112203,False
MUT-2.tif,MUT,area_max,2522.0,2443.6666666666665,338.3599661110438,0.23150886978049248,False
MUT-3.tif,MUT,area_max,2458.0,2443.6666666666665,338.3599661110438,0.042361197449196863,False
MUT-5.tif,MUT,area_max,2832.0,2443.6666666666665,338.3599661110438,1.1476929076352056,False
MUT-6.tif,MUT,area_max,1902.0,2443.6666666666665,338.3599661110438,-1.600859205928934,False
MUT-7.tif,MUT,area_max,2719.0,2443.6666666666665,338.3599661110438,0.8137290486752619,False
WT-1.tif,WT,area_max,1439.0,2556.0,928.3014357177067,-1.2032729424105684,False
WT-10.tif,WT,area_max,2049.0,2556.0,928.3014357177067,-0.5461588019714935,False
WT-2.tif,WT,area_max,1708.0,2556.0,928.3014357177067,-0.9134963788398943,False
WT-3.tif,WT,area_max,2676.0,2556.0,928.3014357177067,0.12926835549621146,False
WT-4.tif,WT,area_max,2843.0,2556.0,928.3014357177067,0.3091668168951057,False
WT-5.tif,WT,area_max,1276.0,2556.0,928.3014357177067,-1.3788624586262557,False
WT-6.tif,WT,area_max,4064.0,2556.0,928.3014357177067,1.6244723340690574,False
WT-7.tif,WT,area_max,2668.0,2556.0,928.3014357177067,0.12065046512979737,False
WT-8.tif,WT,area_max,3313.0,2556.0,928.3014357177067,0.8154678759219339,False
WT-9.tif,WT,area_max,3524.0,2556.0,928.3014357177067,1.0427647343361057,False
MUT-1.tif,MUT,eccentricity_mean,0.8695398202340925,0.8871305859689448,0.01646571962062188,-1.0683265681763094,False
MUT-2.tif,MUT,eccentricity_mean,0.8890446905398282,0.8871305859689448,0.01646571962062188,0.11624785402553064,False
MUT-3.tif,MUT,eccentricity_mean,0.90387992521553,0.8871305859689448,0.01646571962062188,1.0172248545765399,False
MUT-5.tif,MUT,eccentricity_mean,0.9043364418111104,0.8871305859689448,0.01646571962062188,1.0449501290315164,False
MUT-6.tif,MUT,eccentricity_mean,0.8657670289249243,0.8871305859689448,0.01646571962062188,-1.297456627238113,False
MUT-7.tif,MUT,eccentricity_mean,0.8902156090881825,0.8871305859689448,0.01646571962062188,0.18736035778078158,False
WT-1.tif,WT,eccentricity_mean,0.8855601109784671,0.8886259242598534,0.018034449376145196,-0.169997609433066,False
WT-10.tif,WT,eccentricity_mean,0.9068546747598313,0.8886259242598534,0.018034449376145196,1.0107738872299403,False
WT-2.tif,WT,eccentricity_mean,0.913399038338279,0.8886259242598534,0.018034449376145196,1.3736551397678824,False
WT-3.tif,WT,eccentricity_mean,0.9083369727083538,0.8886259242598534,0.018034449376145196,1.0929664686393397,False
WT-4.tif,WT,eccentricity_mean,0.8676430452696968,0.8886259242598534,0.018034449376145196,-1.1634887515840324,False
WT-5.tif,WT,eccentricity_mean,0.8920624957997619,0.8886259242598534,0.018034449376145196,0.1905559448049565,False
WT-6.tif,WT,eccentricity_mean,0.8875653461435704,0.8886259242598534,0.018034449376145196,-0.05880845564854792,False
WT-7.tif,WT,eccentricity_mean,0.8689753287285257,0.8886259242598534,0.018034449376145196,-1.0896143886333614,False
WT-8.tif,WT,eccentricity_mean,0.8618822325376928,0.8886259242598534,0.018034449376145196,-1.482922553628693,False
WT-9.tif,WT,eccentricity_mean,0.8939799973343556,0.8886259242598534,0.018034449376145196,0.2968803184855879,False
MUT-1.tif,MUT,eccentricity_std,0.13569963026400084,0.12502883153894695,0.010577291831182395,1.0088403435741302,False
MUT-2.tif,MUT,eccentricity_std,0.1236221505691158,0.12502883153894695,0.010577291831182395,-0.13299065510173277,False
MUT-3.tif,MUT,eccentricity_std,0.12111435686319612,0.12502883153894695,0.010577291831182395,-0.3700828849413761,False
MUT-5.tif,MUT,eccentricity_std,0.11597307964585324,0.12502883153894695,0.010577291831182395,-0.8561503301248523,False
MUT-6.tif,MUT,eccentricity_std,0.13990788763512751,0.12502883153894695,0.010577291831182395,1.4066980786439447,False
MUT-7.tif,MUT,eccentricity_std,0.1138558842563881,0.12502883153894695,0.010577291831182395,-1.0563145520501227,False
WT-1.tif,WT,eccentricity_std,0.12184986794865028,0.12032407685437219,0.012876314444476105,0.11849594857732423,False
WT-10.tif,WT,eccentricity_std,0.0972429400826371,0.12032407685437219,0.012876314444476105,-1.7925266481541082,False
WT-2.tif,WT,eccentricity_std,0.10779150663450866,0.12032407685437219,0.012876314444476105,-0.9733041449014903,False
WT-3.tif,WT,eccentricity_std,0.10721932220832676,0.12032407685437219,0.012876314444476105,-1.0177411170373614,False
WT-4.tif,WT,eccentricity_std,0.13574843748445758,0.12032407685437219,0.012876314444476105,1.1978862970919755,False
WT-5.tif,WT,eccentricity_std,0.1270909833854274,0.12032407685437219,0.012876314444476105,0.5255313203350821,False
WT-6.tif,WT,eccentricity_std,0.1216004914069663,0.12032407685437219,0.012876314444476105,0.09912887403442452,False
WT-7.tif,WT,eccentricity_std,0.13080560316328335,0.12032407685437219,0.012876314444476105,0.8140160256343929,False
WT-8.tif,WT,eccentricity_std,0.13547341729841147,0.12032407685437219,0.012876314444476105,1.1765276865025849,False
WT-9.tif,WT,eccentricity_std,0.11841819893105296,0.12032407685437219,0.012876314444476105,-0.14801424208282224,False
MUT-1.tif,MUT,eccentricity_median,0.916953673354325,0.9315422329049964,0.01665346186229214,-0.8760076235982965,False
MUT-2.tif,MUT,eccentricity_median,0.9270091525688099,0.9315422329049964,0.01665346186229214,-0.2722004814176558,False
MUT-3.tif,MUT,eccentricity_median,0.9566340835596455,0.9315422329049964,0.01665346186229214,1.5067047837941585,False
MUT-5.tif,MUT,eccentricity_median,0.9455270953820911,0.9315422329049964,0.01665346186229214,0.8397570783021507,False
MUT-6.tif,MUT,eccentricity_median,0.913532440963733,0.9315422329049964,0.01665346186229214,-1.0814443321266645,False
MUT-7.tif,MUT,eccentricity_median,0.929596951601374,0.9315422329049964,0.01665346186229214,-0.11680942495367909,False
WT-1.tif,WT,eccentricity_median,0.9288413324256111,0.9307867043939343,0.015967195959702758,-0.1218355416463144,False
WT-10.tif,WT,eccentricity_median,0.9452904222460705,0.9307867043939343,0.015967195959702758,0.9083447017710566,False
WT-2.tif,WT,eccentricity_median,0.9516664394929104,0.9307867043939343,0.015967195959702758,1.307664486092072,False
WT-3.tif,WT,eccentricity_median,0.9468105187782911,0.9307867043939343,0.015967195959702758,1.0035459215755216,False
WT-4.tif,WT,eccentricity_median,0.909826624839712,0.9307867043939343,0.015967195959702758,-1.3126963310978548,False
WT-5.tif,WT,eccentricity_median,0.9411723384326658,0.9307867043939343,0.015967195959702758,0.6504356848216969,False
WT-6.tif,WT,eccentricity_median,0.924240953476416,0.9307867043939343,0.015967195959702758,-0.4099499332279852,False
WT-7.tif,WT,eccentricity_median,0.9135129530965317,0.9307867043939343,0.015967195959702758,-1.0818274755941664,False
WT-8.tif,WT,eccentricity_median,0.9093646662535223,0.9307867043939343,0.015967195959702758,-1.341628060084933,False
WT-9.tif,WT,eccentricity_median,0.9371407948976116,0.9307867043939343,0.015967195959702758,0.3979465473908787,False
MUT-1.tif,MUT,eccentricity_min,0.0,0.04635313415359821,0.07221386127276004,-0.6418869360622762,False
MUT-2.tif,MUT,eccentricity_min,0.0,0.04635313415359821,0.07221386127276004,-0.6418869360622762,False
MUT-3.tif,MUT,eccentricity_min,0.12700012700019,0.04635313415359821,0.07221386127276004,1.1167799564404797,False
MUT-5.tif,MUT,eccentricity_min,0.0,0.04635313415359821,0.07221386127276004,-0.6418869360622762,False
MUT-6.tif,MUT,eccentricity_min,0.0,0.04635313415359821,0.07221386127276004,-0.6418869360622762,False
MUT-7.tif,MUT,eccentricity_min,0.15111867792139927,0.04635313415359821,0.07221386127276004,1.4507677878086256,False
WT-1.tif,WT,eccentricity_min,0.0,0.04027180322251155,0.12735062366524527,-0.31622776601683783,False
WT-10.tif,WT,eccentricity_min,0.40271803222511554,0.04027180322251155,0.12735062366524527,2.8460498941515406,True
WT-2.tif,WT,eccentricity_min,0.0,0.04027180322251155,0.12735062366524527,-0.31622776601683783,False
WT-3.tif,WT,eccentricity_min,0.0,0.04027180322251155,0.12735062366524527,-0.31622776601683783,False
WT-4.tif,WT,eccentricity_min,0.0,0.04027180322251155,0.12735062366524527,-0.31622776601683783,False
WT-5.tif,WT,eccentricity_min,0.0,0.04027180322251155,0.12735062366524527,-0.31622776601683783,False
WT-6.tif,WT,eccentricity_min,0.0,0.04027180322251155,0.12735062366524527,-0.31622776601683783,False
WT-7.tif,WT,eccentricity_min,0.0,0.04027180322251155,0.12735062366524527,-0.31622776601683783,False
WT-8.tif,WT,eccentricity_min,0.0,0.04027180322251155,0.12735062366524527,-0.31622776601683783,False
WT-9.tif,WT,eccentricity_min,0.0,0.04027180322251155,0.12735062366524527,-0.31622776601683783,False
MUT-1.tif,MUT,eccentricity_max,1.0,0.9992784061824721,0.0012243711621465789,0.5893587172232921,False
MUT-2.tif,MUT,eccentricity_max,1.0,0.9992784061824721,0.0012243711621465789,0.5893587172232921,False
MUT-3.tif,MUT,eccentricity_max,0.9986248551928261,0.9992784061824721,0.0012243711621465789,-0.5337850235709757,False
MUT-5.tif,MUT,eccentricity_max,1.0,0.9992784061824721,0.0012243711621465789,0.5893587172232921,False
MUT-6.tif,MUT,eccentricity_max,1.0,0.9992784061824721,0.0012243711621465789,0.5893587172232921,False
MUT-7.tif,MUT,eccentricity_max,0.9970455819020068,0.9992784061824721,0.0012243711621465789,-1.8236498453220114,False
WT-1.tif,WT,eccentricity_max,1.0,1.0,0.0,0.0,False
WT-10.tif,WT,eccentricity_max,1.0,1.0,0.0,0.0,False
WT-2.tif,WT,eccentricity_max,1.0,1.0,0.0,0.0,False
WT-3.tif,WT,eccentricity_max,1.0,1.0,0.0,0.0,False
WT-4.tif,WT,eccentricity_max,1.0,1.0,0.0,0.0,False
WT-5.tif,WT,eccentricity_max,1.0,1.0,0.0,0.0,False
WT-6.tif,WT,eccentricity_max,1.0,1.0,0.0,0.0,False
WT-7.tif,WT,eccentricity_max,1.0,1.0,0.0,0.0,False
WT-8.tif,WT,eccentricity_max,1.0,1.0,0.0,0.0,False
WT-9.tif,WT,eccentricity_max,1.0,1.0,0.0,0.0,False
MUT-1.tif,MUT,perimeter_mean,100.41777820787058,105.57160813230401,8.83961484946717,-0.5830378373039731,False
MUT-2.tif,MUT,perimeter_mean,102.7927066105632,105.57160813230401,8.83961484946717,-0.31436907252902674,False
MUT-3.tif,MUT,perimeter_mean,110.84905354515928,105.57160813230401,8.83961484946717,0.5970220991215905,False
MUT-5.tif,MUT,perimeter_mean,116.79317684083453,105.57160813230401,8.83961484946717,1.2694635342858784,False
MUT-6.tif,MUT,perimeter_mean,92.17956831367071,105.57160813230401,8.83961484946717,-1.5150026383152353,False
MUT-7.tif,MUT,perimeter_mean,110.39736527572569,105.57160813230401,8.83961484946717,0.5459239147407613,False
WT-1.tif,WT,perimeter_mean,93.05377963980175,109.60833568468509,13.053651120750837,-1.2681935415423555,False
WT-10.tif,WT,perimeter_mean,120.77608825282327,109.60833568468509,13.053651120750837,0.8555271214798502,False
WT-2.tif,WT,perimeter_mean,92.67709887467461,109.60833568468509,13.053651120750837,-1.2970498945766678,False
WT-3.tif,WT,perimeter_mean,109.39243619563705,109.60833568468509,13.053651120750837,-0.016539394767861933,False
WT-4.tif,WT,perimeter_mean,123.19659608031877,109.60833568468509,13.053651120750837,1.040954769660804,False
WT-5.tif,WT,perimeter_mean,95.79850580114824,109.60833568468509,13.053651120750837,-1.0579285255742699,False
WT-6.tif,WT,perimeter_mean,112.4955853535877,109.60833568468509,13.053651120750837,0.22118330283187004,False
WT-7.tif,WT,perimeter_mean,105.41658231323443,109.60833568468509,13.053651120750837,-0.3211173129016146,False
WT-8.tif,WT,perimeter_mean,112.76722297318575,109.60833568468509,13.053651120750837,0.2419926240773446,False
WT-9.tif,WT,perimeter_mean,130.50946136243937,109.60833568468509,13.053651120750837,1.6011708513129055,False
MUT-1.tif,MUT,perimeter_std,51.64302385949149,62.93920819662889,10.388838769811084,-1.0873384973461102,False
MUT-2.tif,MUT,perimeter_std,61.85175095485499,62.93920819662889,10.388838769811084,-0.10467553360573256,False
MUT-3.tif,MUT,perimeter_std,64.27326080089937,62.93920819662889,10.388838769811084,0.1284121001229798,False
MUT-5.tif,MUT,perimeter_std,80.77534789973213,62.93920819662889,10.388838769811084,1.7168559545782205,False
MUT-6.tif,MUT,perimeter_std,53.718527756388234,62.93920819662889,10.388838769811084,-0.8875564097726708,False
MUT-7.tif,MUT,perimeter_std,65.37333790840711,62.93920819662889,10.388838769811084,0.2343023860233113,False
WT-1.tif,WT,perimeter_std,41.697497137125964,66.47614000134917,20.047772315705252,-1.2359798622020375,False
WT-10.tif,WT,perimeter_std,73.25639566740425,66.47614000134917,20.047772315705252,0.33820494164049786,False
WT-2.tif,WT,perimeter_std,35.26079249195626,66.47614000134917,20.047772315705252,-1.5570481855951184,False
WT-3.tif,WT,perimeter_std,60.94846090165944,66.47614000134917,20.047772315705252,-0.275725353053785,False
WT-4.tif,WT,perimeter_std,76.44163796436104,66.47614000134917,20.047772315705252,0.49708754698919766,False
WT-5.tif,WT,perimeter_std,49.627306034286434,66.47614000134917,20.047772315705252,-0.8404342238994554,False
WT-6.tif,WT,perimeter_std,77.1527048026299,66.47614000134917,20.047772315705252,0.5325561679946257,False
WT-7.tif,WT,perimeter_std,64.65346374500244,66.47614000134917,20.047772315705252,-0.09091664787707389,False
WT-8.tif,WT,perimeter_std,87.41065474079642,66.47614000134917,20.047772315705252,1.0442314692015597,False
WT-9.tif,WT,perimeter_std,98.31248652826946,66.47614000134917,20.047772315705252,1.5880241468015863,False
MUT-1.tif,MUT,perimeter_median,92.84062043356595,93.17200871713987,7.798597016324095,-0.04249332064219554,False
MUT-2.tif,MUT,perimeter_median,88.35533905932738,93.17200871713987,7.798597016324095,-0.6176328444373007,False
MUT-3.tif,MUT,perimeter_median,101.24011537017762,93.17200871713987,7.798597016324095,1.0345587335965059,False
MUT-5.tif,MUT,perimeter_median,100.17209588551708,93.17200871713987,7.798597016324095,0.8976085254468925,False
MUT-6.tif,MUT,perimeter_median,80.54772721475248,93.17200871713987,7.798597016324095,-1.6187887995702468,False
MUT-7.tif,MUT,perimeter_median,95.87615433949867,93.17200871713987,7.798597016324095,0.34674770560633555,False
WT-1.tif,WT,perimeter_median,85.25483399593904,94.44595051945586,9.158488395298807,-1.0035626106415954,False
WT-10.tif,WT,perimeter_median,106.5802127934803,94.44595051945586,9.158488395298807,1.3249197629876497,False
WT-2.tif,WT,perimeter_median,89.11269837220809,94.44595051945586,9.158488395298807,-0.582328864442894,False
WT-3.tif,WT,perimeter_median,95.26955262170047,94.44595051945586,9.158488395298807,0.08992773334378786,False
WT-4.tif,WT,perimeter_median,111.39696961967,94.44595051945586,9.158488395298807,1.8508533688720246,False
WT-5.tif,WT,perimeter_median,87.91168824543142,94.44595051945586,9.158488395298807,-0.7134651475213507,False
WT-6.tif,WT,perimeter_median,92.01524163602468,94.44595051945586,9.158488395298807,-0.2654050295765948,False
WT-7.tif,WT,perimeter_median,89.14823227814082,94.44595051945586,9.158488395298807,-0.5784489768021587,False
WT-8.tif,WT,perimeter_median,85.84062043356595,94.44595051945586,9.158488395298807,-0.9396015711836427,False
WT-9.tif,WT,perimeter_median,101.92945519839779,94.44595051945586,9.158488395298807,0.8171113349647661,False
MUT-1.tif,MUT,perimeter_min,0.0,1.5059223176554564,2.34122377428617,-0.6432201544316737,False
MUT-2.tif,MUT,perimeter_min,0.0,1.5059223176554564,2.34122377428617,-0.6432201544316737,False
MUT-3.tif,MUT,perimeter_min,4.82842712474619,1.5059223176554564,2.34122377428617,1.4191316710440256,False
MUT-5.tif,MUT,perimeter_min,0.0,1.5059223176554564,2.34122377428617,-0.6432201544316737,False
MUT-6.tif,MUT,perimeter_min,0.0,1.5059223176554564,2.34122377428617,-0.6432201544316737,False
MUT-7.tif,MUT,perimeter_min,4.207106781186548,1.5059223176554564,2.34122377428617,1.153748946682669,False
WT-1.tif,WT,perimeter_min,0.0,0.0,0.0,0.0,False
WT-10.tif,WT,perimeter_min,0.0,0.0,0.0,0.0,False
WT-2.tif,WT,perimeter_min,0.0,0.0,0.0,0.0,False
WT-3.tif,WT,perimeter_min,0.0,0.0,0.0,0.0,False
WT-4.tif,WT,perimeter_min,0.0,0.0,0.0,0.0,False
WT-5.tif,WT,perimeter_min,0.0,0.0,0.0,0.0,False
WT-6.tif,WT,perimeter_min,0.0,0.0,0.0,0.0,False
WT-7.tif,WT,perimeter_min,0.0,0.0,0.0,0.0,False
WT-8.tif,WT,perimeter_min,0.0,0.0,0.0,0.0,False
WT-9.tif,WT,perimeter_min,0.0,0.0,0.0,0.0,False
MUT-1.tif,MUT,perimeter_max,494.72391744800103,532.629683375777,73.01343512830381,-0.5191615195363088,False
MUT-2.tif,MUT,perimeter_max,475.1736649163069,532.629683375777,73.01343512830381,-0.786923918296745,False
MUT-3.tif,MUT,perimeter_max,571.2335854398791,532.629683375777,73.01343512830381,0.5287232684815465,False
MUT-5.tif,MUT,perimeter_max,607.5533905932737,532.629683375777,73.01343512830381,1.0261632956432751,False
MUT-6.tif,MUT,perimeter_max,437.9665581351203,532.629683375777,73.01343512830381,-1.2965165256820015,False
MUT-7.tif,MUT,perimeter_max,609.1269837220809,532.629683375777,73.01343512830381,1.0477153993902368,False
WT-1.tif,WT,perimeter_max,367.9360748630709,573.4304325106215,177.9972821586477,-1.154480310909438,False
WT-10.tif,WT,perimeter_max,460.9432175380074,573.4304325106215,177.9972821586477,-0.6319602951709962,False
WT-2.tif,WT,perimeter_max,403.2508293825822,573.4304325106215,177.9972821586477,-0.956079784276478,False
WT-3.tif,WT,perimeter_max,689.4823227814084,573.4304325106215,177.9972821586477,0.6519868666722151,False
WT-4.tif,WT,perimeter_max,575.6122650963194,573.4304325106215,177.9972821586477,0.012257673596124483,False
WT-5.tif,WT,perimeter_max,333.22034611053283,573.4304325106215,177.9972821586477,-1.349515472859811,False
WT-6.tif,WT,perimeter_max,841.7321061434641,573.4304325106215,177.9972821586477,1.5073357883841578,False
WT-7.tif,WT,perimeter_max,575.0559159102155,573.4304325106215,177.9972821586477,0.009132068646673212,False
WT-8.tif,WT,perimeter_max,731.8904396893714,573.4304325106215,177.9972821586477,0.8902383522772875,False
WT-9.tif,WT,perimeter_max,755.1808075912433,573.4304325106215,177.9972821586477,1.0210851136402688,False
MUT-1.tif,MUT,solidity_mean,0.8453941265210272,0.8415297144745901,0.0062508152175640985,0.6182252893316204,False
MUT-2.tif,MUT,solidity_mean,0.8514109382450563,0.8415297144745901,0.0062508152175640985,1.580789613281327,False
MUT-3.tif,MUT,solidity_mean,0.8391729310294663,0.8415297144745901,0.0062508152175640985,-0.37703617257817823,False
MUT-5.tif,MUT,solidity_mean,0.8424797671670486,0.8415297144745901,0.0062508152175640985,0.15198860618835303,False
MUT-6.tif,MUT,solidity_mean,0.835036322645547,0.8415297144745901,0.0062508152175640985,-1.038807196027403,False
MUT-7.tif,MUT,solidity_mean,0.8356842012393952,0.8415297144745901,0.0062508152175640985,-0.9351601401957369,False
WT-1.tif,WT,solidity_mean,0.8545909340062011,0.8409724258677992,0.014827228818782493,0.9184796636543838,False
WT-10.tif,WT,solidity_mean,0.8290704483278886,0.8409724258677992,0.014827228818782493,-0.8027108561806042,False
WT-2.tif,WT,solidity_mean,0.8661024834672705,0.8409724258677992,0.014827228818782493,1.6948586891461215,False
WT-3.tif,WT,solidity_mean,0.8466051959844111,0.8409724258677992,0.014827228818782493,0.37989365278267956,False
WT-4.tif,WT,solidity_mean,0.8483648528307811,0.8409724258677992,0.014827228818782493,0.4985710447536573,False
WT-5.tif,WT,solidity_mean,0.8438757178991186,0.8409724258677992,0.014827228818782493,0.1958081356134252,False
WT-6.tif,WT,solidity_mean,0.8455658040132954,0.8409724258677992,0.014827228818782493,0.30979343487823663,False
WT-7.tif,WT,solidity_mean,0.8326700034554901,0.8409724258677992,0.014827228818782493,-0.5599443101459325,False
WT-8.tif,WT,solidity_mean,0.8274422341835149,0.8409724258677992,0.014827228818782493,-0.9125232941131118,False
WT-9.tif,WT,solidity_mean,0.8154365845100202,0.8409724258677992,0.014827228818782493,-1.7222261603888702,False
MUT-1.tif,MUT,solidity_std,0.08623662587257445,0.09084957929602823,0.0069511622854896,-0.6636233242724335,False
MUT-2.tif,MUT,solidity_std,0.07913408057273155,0.09084957929602823,0.0069511622854896,-1.6854014108910282,False
MUT-3.tif,MUT,solidity_std,0.09425327454761598,0.09084957929602823,0.0069511622854896,0.48965843578316226,False
MUT-5.tif,MUT,solidity_std,0.09634034017391456,0.09084957929602823,0.0069511622854896,0.7899054362963406,False
MUT-6.tif,MUT,solidity_std,0.09194977666291933,0.09084957929602823,0.0069511622854896,0.1582753101862887,False
MUT-7.tif,MUT,solidity_std,0.09718337794641355,0.09084957929602823,0.0069511622854896,0.9111855528976763,False
WT-1.tif,WT,solidity_std,0.07315995244692351,0.093817574230188,0.018393472773738075,-1.12309524348002,False
WT-10.tif,WT,solidity_std,0.10269936593616222,0.093817574230188,0.018393472773738075,0.4828773671633947,False
WT-2.tif,WT,solidity_std,0.06600374095774801,0.093817574230188,0.018393472773738075,-1.512157797202503,False
WT-3.tif,WT,solidity_std,0.09040669695178039,0.093817574230188,0.018393472773738075,-0.18543954805954907,False
WT-4.tif,WT,solidity_std,0.09633076566847373,0.093817574230188,0.018393472773738075,0.1366349611735113,False
WT-5.tif,WT,solidity_std,0.07641041257679729,0.093817574230188,0.018393472773738075,-0.9463771125507301,False
WT-6.tif,WT,solidity_std,0.09285666585752815,0.093817574230188,0.018393472773738075,-0.05224181341284363,False
WT-7.tif,WT,solidity_std,0.09957126369075191,0.093817574230188,0.018393472773738075,0.3128114810803398,False
WT-8.tif,WT,solidity_std,0.11975157101275155,0.093817574230188,0.018393472773738075,1.4099565156391636,False
WT-9.tif,WT,solidity_std,0.12098530720296313,0.093817574230188,0.018393472773738075,1.4770311896492336,False
MUT-1.tif,MUT,solidity_median,0.865874363327674,0.8652834307901663,0.007179845504512683,0.08230435280762302,False
MUT-2.tif,MUT,solidity_median,0.8718642734553775,0.8652834307901663,0.007179845504512683,0.916571625541942,False
MUT-3.tif,MUT,solidity_median,0.8639526627218934,0.8652834307901663,0.007179845504512683,-0.18534773031488067,False
MUT-5.tif,MUT,solidity_median,0.873490469954896,0.8652834307901663,0.007179845504512683,1.1430662622992862,False
MUT-6.tif,MUT,solidity_median,0.853448275862069,0.8652834307901663,0.007179845504512683,-1.648385737640002,False
MUT-7.tif,MUT,solidity_median,0.8630705394190872,0.8652834307901663,0.007179845504512683,-0.3082087726941079,False
WT-1.tif,WT,solidity_median,0.8730335489800969,0.8660245935528657,0.010912707012673648,0.642274682083123,False
WT-10.tif,WT,solidity_median,0.8504839634141419,0.8660245935528657,0.010912707012673648,-1.424085712250443,False
WT-2.tif,WT,solidity_median,0.8820058997050148,0.8660245935528657,0.010912707012673648,1.464467627838716,False
WT-3.tif,WT,solidity_median,0.8728029534189354,0.8660245935528657,0.010912707012673648,0.6211437600402564,False
WT-4.tif,WT,solidity_median,0.8763440860215054,0.8660245935528657,0.010912707012673648,0.9456400191680226,False
WT-5.tif,WT,solidity_median,0.8584298584298584,0.8660245935528657,0.010912707012673648,-0.69595336099347,False
WT-6.tif,WT,solidity_median,0.8729627860062643,0.8660245935528657,0.010912707012673648,0.6357902255912196,False
WT-7.tif,WT,solidity_median,0.8590308370044053,0.8660245935528657,0.010912707012673648,-0.6408819131988093,False
WT-8.tif,WT,solidity_median,0.8637330754352031,0.8660245935528657,0.010912707012673648,-0.20998622202550687,False
WT-9.tif,WT,solidity_median,0.8514189271132312,0.8660245935528657,0.010912707012673648,-1.3384091062530985,False
MUT-1.tif,MUT,solidity_min,0.4192339716902581,0.4119220365215394,0.0637700355389811,0.11466098625974712,False
MUT-2.tif,MUT,solidity_min,0.4970538720538721,0.4119220365215394,0.0637700355389811,1.3349817796525079,False
MUT-3.tif,MUT,solidity_min,0.3742873432155074,0.4119220365215394,0.0637700355389811,-0.5901626522228742,False
MUT-5.tif,MUT,solidity_min,0.36644854253420583,0.4119220365215394,0.0637700355389811,-0.7130855989493172,False
MUT-6.tif,MUT,solidity_min,0.47619047619047616,0.4119220365215394,0.0637700355389811,1.0078156476743845,False
MUT-7.tif,MUT,solidity_min,0.338318013444917,0.4119220365215394,0.0637700355389811,-1.1542101624144465,False
WT-1.tif,WT,solidity_min,0.41965587634878976,0.39258804096664934,0.06430021441080142,0.42096026630967887,False
WT-10.tif,WT,solidity_min,0.3621583411875589,0.39258804096664934,0.06430021441080142,-0.47324414168638806,False
WT-2.tif,WT,solidity_min,0.5014543339150669,0.39258804096664934,0.06430021441080142,1.69309377808435,False
WT-3.tif,WT,solidity_min,0.3222543352601156,0.39258804096664934,0.06430021441080142,-1.093833144275158,False
WT-4.tif,WT,solidity_min,0.374019312009656,0.39258804096664934,0.06430021441080142,-0.28878175799479294,False
WT-5.tif,WT,solidity_min,0.4816912042280106,0.39258804096664934,0.06430021441080142,1.3857366429931117,False
WT-6.tif,WT,solidity_min,0.3202521670606777,0.39258804096664934,0.06430021441080142,-1.1249709595652662,False
WT-7.tif,WT,solidity_min,0.39905857740585776,0.39258804096664934,0.06430021441080142,0.10063009118242491,False
WT-8.tif,WT,solidity_min,0.32575757575757575,0.39258804096664934,0.06430021441080142,-1.0393505810432748,False
WT-9.tif,WT,solidity_min,0.41957868649318464,0.39258804096664934,0.06430021441080142,0.4197598059953171,False
MUT-1.tif,MUT,solidity_max,1.0,1.0,0.0,0.0,False
MUT-2.tif,MUT,solidity_max,1.0,1.0,0.0,0.0,False
MUT-3.tif,MUT,solidity_max,1.0,1.0,0.0,0.0,False
MUT-5.tif,MUT,solidity_max,1.0,1.0,0.0,0.0,False
MUT-6.tif,MUT,solidity_max,1.0,1.0,0.0,0.0,False
MUT-7.tif,MUT,solidity_max,1.0,1.0,0.0,0.0,False
WT-1.tif,WT,solidity_max,1.0,1.0,0.0,0.0,False
WT-10.tif,WT,solidity_max,1.0,1.0,0.0,0.0,False
WT-2.tif,WT,solidity_max,1.0,1.0,0.0,0.0,False
WT-3.tif,WT,solidity_max,1.0,1.0,0.0,0.0,False
WT-4.tif,WT,solidity_max,1.0,1.0,0.0,0.0,False
WT-5.tif,WT,solidity_max,1.0,1.0,0.0,0.0,False
WT-6.tif,WT,solidity_max,1.0,1.0,0.0,0.0,False
WT-7.tif,WT,solidity_max,1.0,1.0,0.0,0.0,False
WT-8.tif,WT,solidity_max,1.0,1.0,0.0,0.0,False
WT-9.tif,WT,solidity_max,1.0,1.0,0.0,0.0,False
MUT-1.tif,MUT,early_speed_mean_sample_mean,12.541677972640954,11.542301502977963,2.134406109021494,0.46822226821734003,False
MUT-2.tif,MUT,early_speed_mean_sample_mean,8.179191295079594,11.542301502977963,2.134406109021494,-1.5756655650878773,False
MUT-3.tif,MUT,early_speed_mean_sample_mean,9.59027818192118,11.542301502977963,2.134406109021494,-0.914551037314861,False
MUT-5.tif,MUT,early_speed_mean_sample_mean,12.507921911460617,11.542301502977963,2.134406109021494,0.452407067427921,False
MUT-6.tif,MUT,early_speed_mean_sample_mean,13.456804562474026,11.542301502977963,2.134406109021494,0.8969722544383814,False
MUT-7.tif,MUT,early_speed_mean_sample_mean,12.97793509429141,11.542301502977963,2.134406109021494,0.6726150123190967,False
WT-1.tif,WT,early_speed_mean_sample_mean,8.090554586025963,10.50497613327978,2.9122557909855655,-0.8290554541010039,False
WT-10.tif,WT,early_speed_mean_sample_mean,11.677697257858904,10.50497613327978,2.9122557909855655,0.40268479445009625,False
WT-2.tif,WT,early_speed_mean_sample_mean,6.950136702541266,10.50497613327978,2.9122557909855655,-1.2206480769106771,False
WT-3.tif,WT,early_speed_mean_sample_mean,7.303322721115002,10.50497613327978,2.9122557909855655,-1.0993723223334286,False
WT-4.tif,WT,early_speed_mean_sample_mean,8.4920823694123,10.50497613327978,2.9122557909855655,-0.6911802768486474,False
WT-5.tif,WT,early_speed_mean_sample_mean,14.373607622038028,10.50497613327978,2.9122557909855655,1.328396873905443,False
WT-6.tif,WT,early_speed_mean_sample_mean,9.509246542143636,10.50497613327978,2.9122557909855655,-0.341910073359033,False
WT-7.tif,WT,early_speed_mean_sample_mean,15.351499449412712,10.50497613327978,2.9122557909855655,1.6641818796050096,False
WT-8.tif,WT,early_speed_mean_sample_mean,11.890344536795066,10.50497613327978,2.9122557909855655,0.47570285817732044,False
WT-9.tif,WT,early_speed_mean_sample_mean,11.411269545454921,10.50497613327978,2.9122557909855655,0.31119979741492215,False
MUT-1.tif,MUT,early_speed_mean_sample_std,9.295325808746883,9.221042815076368,2.0747198601169563,0.035803866873057,False
MUT-2.tif,MUT,early_speed_mean_sample_std,7.14442114549871,9.221042815076368,2.0747198601169563,-1.0009166584353195,False
MUT-3.tif,MUT,early_speed_mean_sample_std,6.342518070185392,9.221042815076368,2.0747198601169563,-1.3874281536634578,False
MUT-5.tif,MUT,early_speed_mean_sample_std,11.643735541330429,9.221042815076368,2.0747198601169563,1.1677204102714323,False
MUT-6.tif,MUT,early_speed_mean_sample_std,10.56800656062152,9.221042815076368,2.0747198601169563,0.6492268047548455,False
MUT-7.tif,MUT,early_speed_mean_sample_std,10.332249764075272,9.221042815076368,2.0747198601169563,0.5355937301994412,False
WT-1.tif,WT,early_speed_mean_sample_std,9.294201361555855,8.894299052707165,2.090066286436221,0.19133474925839047,False
WT-10.tif,WT,early_speed_mean_sample_std,8.55648923799712,8.894299052707165,2.090066286436221,-0.1616263641504145,False
WT-2.tif,WT,early_speed_mean_sample_std,6.733390644910903,8.894299052707165,2.090066286436221,-1.0338946768433999,False
WT-3.tif,WT,early_speed_mean_sample_std,6.056000475214669,8.894299052707165,2.090066286436221,-1.357994526734407,False
WT-4.tif,WT,early_speed_mean_sample_std,6.677225131399442,8.894299052707165,2.090066286436221,-1.0607672759929843,False
WT-5.tif,WT,early_speed_mean_sample_std,11.21180850731122,8.894299052707165,2.090066286436221,1.1088210310093314,False
WT-6.tif,WT,early_speed_mean_sample_std,8.466043370856186,8.894299052707165,2.090066286436221,-0.204900526184363,False
WT-7.tif,WT,early_speed_mean_sample_std,10.606837203897113,8.894299052707165,2.090066286436221,0.8193702574428883,False
WT-8.tif,WT,early_speed_mean_sample_std,8.85340135191773,8.894299052707165,2.090066286436221,-0.019567657281898684,False
WT-9.tif,WT,early_speed_mean_sample_std,12.487593242011409,8.894299052707165,2.090066286436221,1.7192249894768559,False
MUT-1.tif,MUT,late_speed_mean_sample_mean,16.87785047027298,18.193784716956845,1.6991877556893804,-0.7744489932191023,False
MUT-2.tif,MUT,late_speed_mean_sample_mean,16.170511363332874,18.193784716956845,1.6991877556893804,-1.1907297159183594,False
MUT-3.tif,MUT,late_speed_mean_sample_mean,18.39131210350699,18.193784716956845,1.6991877556893804,0.11624812260373575,False
MUT-5.tif,MUT,late_speed_mean_sample_mean,20.969572554679193,18.193784716956845,1.6991877556893804,1.6335968926495577,False
MUT-6.tif,MUT,late_speed_mean_sample_mean,17.744305677600437,18.193784716956845,1.6991877556893804,-0.2645258229124004,False
MUT-7.tif,MUT,late_speed_mean_sample_mean,19.009156132348593,18.193784716956845,1.6991877556893804,0.4798595167965665,False
WT-1.tif,WT,late_speed_mean_sample_mean,8.45500200892004,14.960776316821926,4.288656516560639,-1.5169725723614962,False
WT-10.tif,WT,late_speed_mean_sample_mean,18.189329469827882,14.960776316821926,4.288656516560639,0.7528122479706416,False
WT-2.tif,WT,late_speed_mean_sample_mean,8.64401568790833,14.960776316821926,4.288656516560639,-1.4728996375721477,False
WT-3.tif,WT,late_speed_mean_sample_mean,12.406935255052638,14.960776316821926,4.288656516560639,-0.5954874333972973,False
WT-4.tif,WT,late_speed_mean_sample_mean,12.494802698199738,14.960776316821926,4.288656516560639,-0.5749990956608055,False
WT-5.tif,WT,late_speed_mean_sample_mean,19.392041569535134,14.960776316821926,4.288656516560639,1.0332525432153137,False
WT-6.tif,WT,late_speed_mean_sample_mean,15.566727925767921,14.960776316821926,4.288656516560639,0.1412917090949378,False
WT-7.tif,WT,late_speed_mean_sample_mean,20.485796690787943,14.960776316821926,4.288656516560639,1.288286985127198,False
WT-8.tif,WT,late_speed_mean_sample_mean,17.864968542111303,14.960776316821926,4.288656516560639,0.6771799546256138,False
WT-9.tif,WT,late_speed_mean_sample_mean,16.10814332010833,14.960776316821926,4.288656516560639,0.26753529895804146,False
MUT-1.tif,MUT,late_speed_mean_sample_std,12.594631930059744,14.848588692685446,5.764352473148596,-0.39101647116914573,False
MUT-2.tif,MUT,late_speed_mean_sample_std,11.891086958194473,14.848588692685446,5.764352473148596,-0.5130674691160119,False
MUT-3.tif,MUT,late_speed_mean_sample_std,12.014708032799863,14.848588692685446,5.764352473148596,-0.4916216822420759,False
MUT-5.tif,MUT,late_speed_mean_sample_std,26.572500798370456,14.848588692685446,5.764352473148596,2.0338645425131667,True
MUT-6.tif,MUT,late_speed_mean_sample_std,12.829419686567089,14.848588692685446,5.764352473148596,-0.35028548575473384,False
MUT-7.tif,MUT,late_speed_mean_sample_std,13.189184750121038,14.848588692685446,5.764352473148596,-0.2878734342312019,False
WT-1.tif,WT,late_speed_mean_sample_std,7.558181934400794,11.44031747509875,2.9213239204009467,-1.3288959548741652,False
WT-10.tif,WT,late_speed_mean_sample_std,11.645281438547922,11.44031747509875,2.9213239204009467,0.0701613272043592,False
WT-2.tif,WT,late_speed_mean_sample_std,8.032214016094855,11.44031747509875,2.9213239204009467,-1.1666297719344108,False
WT-3.tif,WT,late_speed_mean_sample_std,10.598537005899715,11.44031747509875,2.9213239204009467,-0.2881503359899584,False
WT-4.tif,WT,late_speed_mean_sample_std,10.792586630740747,11.44031747509875,2.9213239204009467,-0.2217251020452067,False
WT-5.tif,WT,late_speed_mean_sample_std,17.20317168019504,11.44031747509875,2.9213239204009467,1.9726857966183187,False
WT-6.tif,WT,late_speed_mean_sample_std,11.023026422233592,11.44031747509875,2.9213239204009467,-0.14284313011337874,False
WT-7.tif,WT,late_speed_mean_sample_std,10.694373040826425,11.44031747509875,2.9213239204009467,-0.2553446500961608,False
WT-8.tif,WT,late_speed_mean_sample_std,11.542581252610427,11.44031747509875,2.9213239204009467,0.03500596999789106,False
WT-9.tif,WT,late_speed_mean_sample_std,15.313221329437981,11.44031747509875,2.9213239204009467,1.3257358512327115,False
MUT-1.tif,MUT,speed_trend_slope_sample_mean,0.7297459369473206,0.9745326731733629,0.3125346993781149,-0.7832305875575472,False
MUT-2.tif,MUT,speed_trend_slope_sample_mean,1.0776029676346,0.9745326731733629,0.3125346993781149,0.32978832323683577,False
MUT-3.tif,MUT,speed_trend_slope_sample_mean,1.3195795775014563,0.9745326731733629,0.3125346993781149,1.1040275048328125,False
MUT-5.tif,MUT,speed_trend_slope_sample_mean,0.6381030249234231,0.9745326731733629,0.3125346993781149,-1.076455346940264,False
MUT-6.tif,MUT,speed_trend_slope_sample_mean,0.743806561727627,0.9745326731733629,0.3125346993781149,-0.7382415837500197,False
MUT-7.tif,MUT,speed_trend_slope_sample_mean,1.3383579703057509,0.9745326731733629,0.3125346993781149,1.164111690178184,False
WT-1.tif,WT,speed_trend_slope_sample_mean,0.7854065247358989,0.7201647474729613,0.24982802507348706,0.2611467518255674,False
WT-10.tif,WT,speed_trend_slope_sample_mean,0.7045600735608318,0.7201647474729613,0.24982802507348706,-0.06246166300814079,False
WT-2.tif,WT,speed_trend_slope_sample_mean,0.5375945572301886,0.7201647474729613,0.24982802507348706,-0.7307834667030235,False
WT-3.tif,WT,speed_trend_slope_sample_mean,0.5779371390571553,0.7201647474729613,0.24982802507348706,-0.569302056380463,False
WT-4.tif,WT,speed_trend_slope_sample_mean,1.074455568386978,0.7201647474729613,0.24982802507348706,1.4181388209341281,False
WT-5.tif,WT,speed_trend_slope_sample_mean,1.017161252033912,0.7201647474729613,0.24982802507348706,1.1888037960256417,False
WT-6.tif,WT,speed_trend_slope_sample_mean,0.5919025702475309,0.7201647474729613,0.24982802507348706,-0.5134018779026174,False
WT-7.tif,WT,speed_trend_slope_sample_mean,0.37203894515902225,0.7201647474729613,0.24982802507348706,-1.3934617711985582,False
WT-8.tif,WT,speed_trend_slope_sample_mean,0.49893958772561375,0.7201647474729613,0.24982802507348706,-0.8855097809073824,False
WT-9.tif,WT,speed_trend_slope_sample_mean,1.0416512565924818,0.7201647474729613,0.24982802507348706,1.286831247314848,False
MUT-1.tif,MUT,speed_trend_slope_sample_std,2.4701505235109225,2.4430252410221995,0.5290278629490862,0.05127382580099277,False
MUT-2.tif,MUT,speed_trend_slope_sample_std,2.3488983295842263,2.4430252410221995,0.5290278629490862,-0.17792429856767686,False
MUT-3.tif,MUT,speed_trend_slope_sample_std,2.8841480174250016,2.4430252410221995,0.5290278629490862,0.8338365657032621,False
MUT-5.tif,MUT,speed_trend_slope_sample_std,1.8157663158399318,2.4430252410221995,0.5290278629490862,-1.1856822090344896,False
MUT-6.tif,MUT,speed_trend_slope_sample_std,1.9492416848455978,2.4430252410221995,0.5290278629490862,-0.9333791105519211,False
MUT-7.tif,MUT,speed_trend_slope_sample_std,3.189946574927517,2.4430252410221995,0.5290278629490862,1.4118752266498324,False
WT-1.tif,WT,speed_trend_slope_sample_std,2.636077479428282,1.8610546979430098,0.7599439481121347,1.019842033627081,False
WT-10.tif,WT,speed_trend_slope_sample_std,1.538854723347326,1.8610546979430098,0.7599439481121347,-0.4239786044695774,False
WT-2.tif,WT,speed_trend_slope_sample_std,1.6901584288364568,1.8610546979430098,0.7599439481121347,-0.224880097448103,False
WT-3.tif,WT,speed_trend_slope_sample_std,1.608798768838642,1.8610546979430098,0.7599439481121347,-0.33194017760260625,False
WT-4.tif,WT,speed_trend_slope_sample_std,2.8633430946113716,1.8610546979430098,0.7599439481121347,1.3188977939205426,False
WT-5.tif,WT,speed_trend_slope_sample_std,2.7300745001331945,1.8610546979430098,0.7599439481121347,1.1435314464297242,False
WT-6.tif,WT,speed_trend_slope_sample_std,1.2071858692668929,1.8610546979430098,0.7599439481121347,-0.8604171798465777,False
WT-7.tif,WT,speed_trend_slope_sample_std,0.853917219815948,1.8610546979430098,0.7599439481121347,-1.325278634863807,False
WT-8.tif,WT,speed_trend_slope_sample_std,0.9762546394417952,1.8610546979430098,0.7599439481121347,-1.1642964730481102,False
WT-9.tif,WT,speed_trend_slope_sample_std,2.5058822557101887,1.8610546979430098,0.7599439481121347,0.8485198933014338,False
MUT-1.tif,MUT,speed_acceleration_sample_mean,-0.5033034449694554,-0.5153701725034515,0.14565389943494567,0.08284520758323748,False
MUT-2.tif,MUT,speed_acceleration_sample_mean,-0.597308550975405,-0.5153701725034515,0.14565389943494567,-0.5625553369310938,False
MUT-3.tif,MUT,speed_acceleration_sample_mean,-0.41966831351840594,-0.5153701725034515,0.14565389943494567,0.6570497553193865,False
MUT-5.tif,MUT,speed_acceleration_sample_mean,-0.5261938133847043,-0.5153701725034515,0.14565389943494567,-0.07431068391057387,False
MUT-6.tif,MUT,speed_acceleration_sample_mean,-0.3109451748461556,-0.5153701725034515,0.14565389943494567,1.4034982822317064,False
MUT-7.tif,MUT,speed_acceleration_sample_mean,-0.7348017373265832,-0.5153701725034515,0.14565389943494567,-1.5065272242926648,False
WT-1.tif,WT,speed_acceleration_sample_mean,-0.49357726669664814,-0.4070819881544465,0.25856677909893877,-0.3345181420583996,False
WT-10.tif,WT,speed_acceleration_sample_mean,-0.8963591471807331,-0.4070819881544465,0.25856677909893877,-1.892266132297947,False
WT-2.tif,WT,speed_acceleration_sample_mean,-0.37387148677974225,-0.4070819881544465,0.25856677909893877,0.12844071264853596,False
WT-3.tif,WT,speed_acceleration_sample_mean,-0.21806199759611095,-0.4070819881544465,0.25856677909893877,0.7310296829973212,False
WT-4.tif,WT,speed_acceleration_sample_mean,-0.8080336267691061,-0.4070819881544465,0.25856677909893877,-1.5506695794870005,False
WT-5.tif,WT,speed_acceleration_sample_mean,-0.38723733985634023,-0.4070819881544465,0.25856677909893877,0.07674863865830524,False
WT-6.tif,WT,speed_acceleration_sample_mean,-0.24024996254118533,-0.4070819881544465,0.25856677909893877,0.645218330810487,False
WT-7.tif,WT,speed_acceleration_sample_mean,-0.160865386123193,-0.4070819881544465,0.25856677909893877,0.9522360254061889,False
WT-8.tif,WT,speed_acceleration_sample_mean,-0.15495549091284308,-0.4070819881544465,0.25856677909893877,0.9750923847225129,False
WT-9.tif,WT,speed_acceleration_sample_mean,-0.3376081770885628,-0.4070819881544465,0.25856677909893877,0.26868807859999705,False
MUT-1.tif,MUT,speed_acceleration_sample_std,2.180217569967969,2.330343242111065,0.7084981012684992,-0.21189283623246133,False
MUT-2.tif,MUT,speed_acceleration_sample_std,2.785162063971714,2.330343242111065,0.7084981012684992,0.6419478345056091,False
MUT-3.tif,MUT,speed_acceleration_sample_std,1.6708983210549093,2.330343242111065,0.7084981012684992,-0.9307645565675922,False
MUT-5.tif,MUT,speed_acceleration_sample_std,2.2181241212857494,2.330343242111065,0.7084981012684992,-0.15839015041028032,False
MUT-6.tif,MUT,speed_acceleration_sample_std,1.6354003718162378,2.330343242111065,0.7084981012684992,-0.9808676537743678,False
MUT-7.tif,MUT,speed_acceleration_sample_std,3.4922570045698107,2.330343242111065,0.7084981012684992,1.6399673624790925,False
WT-1.tif,WT,speed_acceleration_sample_std,2.85601438609148,1.7431704871639901,0.7319909584135048,1.520297328999028,False
WT-10.tif,WT,speed_acceleration_sample_std,2.743657076732973,1.7431704871639901,0.7319909584135048,1.3668018410191944,False
WT-2.tif,WT,speed_acceleration_sample_std,1.8667714299023572,1.7431704871639901,0.7319909584135048,0.16885583259970322,False
WT-3.tif,WT,speed_acceleration_sample_std,1.2038785650889405,1.7431704871639901,0.7319909584135048,-0.7367466986803972,False
WT-4.tif,WT,speed_acceleration_sample_std,2.0874697048014026,1.7431704871639901,0.7319909584135048,0.47035993229156303,False
WT-5.tif,WT,speed_acceleration_sample_std,1.8030753987645114,1.7431704871639901,0.7319909584135048,0.08183832178795945,False
WT-6.tif,WT,speed_acceleration_sample_std,1.006811268519964,1.7431704871639901,0.7319909584135048,-1.0059676423326172,False
WT-7.tif,WT,speed_acceleration_sample_std,1.292026081716765,1.7431704871639901,0.7319909584135048,-0.6163251065628214,False
WT-8.tif,WT,speed_acceleration_sample_std,0.5821207370097161,1.7431704871639901,0.7319909584135048,-1.586153130457647,False
WT-9.tif,WT,speed_acceleration_sample_std,1.9898802230117902,1.7431704871639901,0.7319909584135048,0.3370393213360331,False
MUT-1.tif,MUT,early_area_mean_sample_mean,443.9557694805251,420.5075689729099,49.974500048122124,0.4692033033854491,False
MUT-2.tif,MUT,early_area_mean_sample_mean,420.3684998692104,420.5075689729099,49.974500048122124,-0.002782801299974945,False
MUT-3.tif,MUT,early_area_mean_sample_mean,426.5563734507968,420.5075689729099,49.974500048122124,0.12103781872879783,False
MUT-5.tif,MUT,early_area_mean_sample_mean,474.50688530413856,420.5075689729099,49.974500048122124,1.0805373996584442,False
MUT-6.tif,MUT,early_area_mean_sample_mean,326.33758224422803,420.5075689729099,49.974500048122124,-1.8843607567459888,False
MUT-7.tif,MUT,early_area_mean_sample_mean,431.32030348856034,420.5075689729099,49.974500048122124,0.21636503627326942,False
WT-1.tif,WT,early_area_mean_sample_mean,371.67456861770194,453.6266017561542,94.417533665395,-0.8679747283897599,False
WT-10.tif,WT,early_area_mean_sample_mean,519.4490651709402,453.6266017561542,94.417533665395,0.6971423723908462,False
WT-2.tif,WT,early_area_mean_sample_mean,329.8985303013322,453.6266017561542,94.417533665395,-1.310435325426951,False
WT-3.tif,WT,early_area_mean_sample_mean,447.4751109659617,453.6266017561542,94.417533665395,-0.06515199615351827,False
WT-4.tif,WT,early_area_mean_sample_mean,620.3992131400955,453.6266017561542,94.417533665395,1.766330944154552,False
WT-5.tif,WT,early_area_mean_sample_mean,345.62680492597667,453.6266017561542,94.417533665395,-1.1438531874060225,False
WT-6.tif,WT,early_area_mean_sample_mean,472.20337952368845,453.6266017561542,94.417533665395,0.19675135588023585,False
WT-7.tif,WT,early_area_mean_sample_mean,419.7098370425088,453.6266017561542,94.417533665395,-0.35922104080628203,False
WT-8.tif,WT,early_area_mean_sample_mean,443.2569307976339,453.6266017561542,94.417533665395,-0.10982781011066434,False
WT-9.tif,WT,early_area_mean_sample_mean,566.5725770757022,453.6266017561542,94.417533665395,1.196239415867562,False
MUT-1.tif,MUT,early_area_mean_sample_std,231.07746978764817,241.34329667677318,58.2829750301301,-0.17613766084895224,False
MUT-2.tif,MUT,early_area_mean_sample_std,239.06370183110948,241.34329667677318,58.2829750301301,-0.03911253405450271,False
MUT-3.tif,MUT,early_area_mean_sample_std,246.62188900744295,241.34329667677318,58.2829750301301,0.09056834054783465,False
MUT-5.tif,MUT,early_area_mean_sample_std,341.70882951904036,241.34329667677318,58.2829750301301,1.7220386020168323,False
MUT-6.tif,MUT,early_area_mean_sample_std,159.87150140918556,241.34329667677318,58.2829750301301,-1.3978661045608907,False
MUT-7.tif,MUT,early_area_mean_sample_std,229.71638850621235,241.34329667677318,58.2829750301301,-0.19949064310032477,False
WT-1.tif,WT,early_area_mean_sample_std,159.89901410760413,249.4824464806511,109.34859587175258,-0.8192462981245154,False
WT-10.tif,WT,early_area_mean_sample_std,260.20953325819295,249.4824464806511,109.34859587175258,0.09809990418279263,False
WT-2.tif,WT,early_area_mean_sample_std,115.07729117401912,249.4824464806511,109.34859587175258,-1.22914386083445,False
WT-3.tif,WT,early_area_mean_sample_std,203.13633177327915,249.4824464806511,109.34859587175258,-0.42383822433100204,False
WT-4.tif,WT,early_area_mean_sample_std,381.05473734652304,249.4824464806511,109.34859587175258,1.2032371318254877,False
WT-5.tif,WT,early_area_mean_sample_std,141.08967028310252,249.4824464806511,109.34859587175258,-0.9912589670989007,False
WT-6.tif,WT,early_area_mean_sample_std,286.74427756636334,249.4824464806511,109.34859587175258,0.3407618615369699,False
WT-7.tif,WT,early_area_mean_sample_std,206.46822235901098,249.4824464806511,109.34859587175258,-0.3933678688667255,False
WT-8.tif,WT,early_area_mean_sample_std,276.6673052198503,249.4824464806511,109.34859587175258,0.24860729598286216,False
WT-9.tif,WT,early_area_mean_sample_std,464.4780817185655,249.4824464806511,109.34859587175258,1.966149025727481,False
MUT-1.tif,MUT,late_area_mean_sample_mean,394.337426877032,415.95411474167327,56.0373080199756,-0.38575528747625754,False
MUT-2.tif,MUT,late_area_mean_sample_mean,412.42848199396326,415.95411474167327,56.0373080199756,-0.06291581220234964,False
MUT-3.tif,MUT,late_area_mean_sample_mean,415.5369102978149,415.95411474167327,56.0373080199756,-0.007445119307116211,False
MUT-5.tif,MUT,late_area_mean_sample_mean,474.54260604886235,415.95411474167327,56.0373080199756,1.045526513984292,False
MUT-6.tif,MUT,late_area_mean_sample_mean,324.46314699895726,415.95411474167327,56.0373080199756,-1.6326795660866196,False
MUT-7.tif,MUT,late_area_mean_sample_mean,474.4161162334098,415.95411474167327,56.0373080199756,1.0432692710880511,False
WT-1.tif,WT,late_area_mean_sample_mean,347.8270983900363,437.0957067323354,79.96623870055079,-1.1163287131283341,False
WT-10.tif,WT,late_area_mean_sample_mean,522.1385683760684,437.0957067323354,79.96623870055079,1.0634845783130134,False
WT-2.tif,WT,late_area_mean_sample_mean,348.6908751672172,437.0957067323354,79.96623870055079,-1.105526944891923,False
WT-3.tif,WT,late_area_mean_sample_mean,415.7395478518271,437.0957067323354,79.96623870055079,-0.26706469164418944,False
WT-4.tif,WT,late_area_mean_sample_mean,571.6529951832892,437.0957067323354,79.96623870055079,1.6826762223346523,False
WT-5.tif,WT,late_area_mean_sample_mean,346.5736752407755,437.0957067323354,79.96623870055079,-1.1320031173472758,False
WT-6.tif,WT,late_area_mean_sample_mean,428.7065720611916,437.0957067323354,79.96623870055079,-0.10490845646196433,False
WT-7.tif,WT,late_area_mean_sample_mean,426.5911118455411,437.0957067323354,79.96623870055079,-0.13136287335122498,False
WT-8.tif,WT,late_area_mean_sample_mean,438.79033676815203,437.0957067323354,79.96623870055079,0.021191818739437422,False
WT-9.tif,WT,late_area_mean_sample_mean,524.2462864392552,437.0957067323354,79.96623870055079,1.0898421774378084,False
MUT-1.tif,MUT,late_area_mean_sample_std,185.54195437994358,224.75549461512594,48.448405429433386,-0.8093876338674987,False
MUT-2.tif,MUT,late_area_mean_sample_std,222.70103344082253,224.75549461512594,48.448405429433386,-0.0424051350316534,False
MUT-3.tif,MUT,late_area_mean_sample_std,205.64512333398432,224.75549461512594,48.448405429433386,-0.394447889703542,False
MUT-5.tif,MUT,late_area_mean_sample_std,312.49001609976483,224.75549461512594,48.448405429433386,1.8108856361109131,False
MUT-6.tif,MUT,late_area_mean_sample_std,181.43298224302046,224.75549461512594,48.448405429433386,-0.8941989315872546,False
MUT-7.tif,MUT,late_area_mean_sample_std,240.72185819321996,224.75549461512594,48.448405429433386,0.3295539540790362,False
WT-1.tif,WT,late_area_mean_sample_std,151.0194308006107,236.49731060540927,83.05452980433023,-1.0291778185509874,False
WT-10.tif,WT,late_area_mean_sample_std,224.85239060710504,236.49731060540927,83.05452980433023,-0.14020812622428572,False
WT-2.tif,WT,late_area_mean_sample_std,120.69604324028312,236.49731060540927,83.05452980433023,-1.3942799704958249,False
WT-3.tif,WT,late_area_mean_sample_std,222.38682869678243,236.49731060540927,83.05452980433023,-0.1698941880938944,False
WT-4.tif,WT,late_area_mean_sample_std,339.7723231941603,236.49731060540927,83.05452980433023,1.2434603245850486,False
WT-5.tif,WT,late_area_mean_sample_std,146.49814966282224,236.49731060540927,83.05452980433023,-1.0836153206166814,False
WT-6.tif,WT,late_area_mean_sample_std,287.00434972017564,236.49731060540927,83.05452980433023,0.608119018116855,False
WT-7.tif,WT,late_area_mean_sample_std,211.10236173684916,236.49731060540927,83.05452980433023,-0.3057623579158001,False
WT-8.tif,WT,late_area_mean_sample_std,305.5602683612492,236.49731060540927,83.05452980433023,0.8315375202116813,False
WT-9.tif,WT,late_area_mean_sample_std,356.08096003405467,236.49731060540927,83.05452980433023,1.4398209189838873,False
MUT-1.tif,MUT,area_trend_slope_sample_mean,-2.0908828636413603,-1.1839643760203253,1.4875072605461992,-0.6096901250001447,False
MUT-2.tif,MUT,area_trend_slope_sample_mean,-0.8413913699857105,-1.1839643760203253,1.4875072605461992,0.23030005642380874,False
MUT-3.tif,MUT,area_trend_slope_sample_mean,-3.2933565086717365,-1.1839643760203253,1.4875072605461992,-1.4180718229750768,False
MUT-5.tif,MUT,area_trend_slope_sample_mean,-1.4470964048442962,-1.1839643760203253,1.4875072605461992,-0.17689461813272173,False
MUT-6.tif,MUT,area_trend_slope_sample_mean,-0.5193195019204062,-1.1839643760203253,1.4875072605461992,0.4468179024927028,False
MUT-7.tif,MUT,area_trend_slope_sample_mean,1.0882603929415584,-1.1839643760203253,1.4875072605461992,1.5275386071914323,False
WT-1.tif,WT,area_trend_slope_sample_mean,-3.0760743152003043,-3.597125334276375,3.9919237251302007,0.13052629633074372,False
WT-10.tif,WT,area_trend_slope_sample_mean,-6.236453555218205,-3.597125334276375,3.9919237251302007,-0.6611669968357787,False
WT-2.tif,WT,area_trend_slope_sample_mean,-0.3134074694002849,-3.597125334276375,3.9919237251302007,0.8225903326269062,False
WT-3.tif,WT,area_trend_slope_sample_mean,-2.9822114457976436,-3.597125334276375,3.9919237251302007,0.15403948843202797,False
WT-4.tif,WT,area_trend_slope_sample_mean,-12.226534140731212,-3.597125334276375,3.9919237251302007,-2.1617168564946416,True
WT-5.tif,WT,area_trend_slope_sample_mean,-3.3679200051248075,-3.597125334276375,3.9919237251302007,0.05741726168480133,False
WT-6.tif,WT,area_trend_slope_sample_mean,-1.5429441214561812,-3.597125334276375,3.9919237251302007,0.5145842842358405,False
WT-7.tif,WT,area_trend_slope_sample_mean,0.4467288895782755,-3.597125334276375,3.9919237251302007,1.0130088905250203,False
WT-8.tif,WT,area_trend_slope_sample_mean,0.5233689521933218,-3.597125334276375,3.9919237251302007,1.0322076698334968,False
WT-9.tif,WT,area_trend_slope_sample_mean,-7.195806131606706,-3.597125334276375,3.9919237251302007,-0.9014903703384153,False
MUT-1.tif,MUT,area_trend_slope_sample_std,43.62709664769165,52.80083161490523,21.157255970980525,-0.4335975789958939,False
MUT-2.tif,MUT,area_trend_slope_sample_std,43.957622790497915,52.80083161490523,21.157255970980525,-0.4179752249789261,False
MUT-3.tif,MUT,area_trend_slope_sample_std,52.598673133935904,52.80083161490523,21.157255970980525,-0.009555042546472287,False
MUT-5.tif,MUT,area_trend_slope_sample_std,67.93359915240985,52.80083161490523,21.157255970980525,0.715251900258751,False
MUT-6.tif,MUT,area_trend_slope_sample_std,23.9961539757336,52.80083161490523,21.157255970980525,-1.3614562152426748,False
MUT-7.tif,MUT,area_trend_slope_sample_std,84.69184398916245,52.80083161490523,21.157255970980525,1.5073321615052164,False
WT-1.tif,WT,area_trend_slope_sample_std,35.966761861828175,46.084226429591865,28.61316920702897,-0.3535946855295667,False
WT-10.tif,WT,area_trend_slope_sample_std,55.14899166040029,46.084226429591865,28.61316920702897,0.3168039571296989,False
WT-2.tif,WT,area_trend_slope_sample_std,21.990139537564385,46.084226429591865,28.61316920702897,-0.8420628528666669,False
WT-3.tif,WT,area_trend_slope_sample_std,30.712160711914514,46.084226429591865,28.61316920702897,-0.5372374379941501,False
WT-4.tif,WT,area_trend_slope_sample_std,55.55717508240048,46.084226429591865,28.61316920702897,0.3310695359981841,False
WT-5.tif,WT,area_trend_slope_sample_std,41.87108353632735,46.084226429591865,28.61316920702897,-0.14724488793186663,False
WT-6.tif,WT,area_trend_slope_sample_std,48.899130472054395,46.084226429591865,28.61316920702897,0.098377918995811,False
WT-7.tif,WT,area_trend_slope_sample_std,24.820036210770375,46.084226429591865,28.61316920702897,-0.7431609572838871,False
WT-8.tif,WT,area_trend_slope_sample_std,26.262953134068933,46.084226429591865,28.61316920702897,-0.6927325369695062,False
WT-9.tif,WT,area_trend_slope_sample_std,119.61383208858972,46.084226429591865,28.61316920702897,2.5697819464519482,True
MUT-1.tif,MUT,area_volatility_sample_mean,0.429884211535187,0.4465369341290348,0.03634739370648259,-0.4581545166160766,False
MUT-2.tif,MUT,area_volatility_sample_mean,0.3871041875628612,0.4465369341290348,0.03634739370648259,-1.635130899511337,False
MUT-3.tif,MUT,area_volatility_sample_mean,0.43429099263920906,0.4465369341290348,0.03634739370648259,-0.33691388132848826,False
MUT-5.tif,MUT,area_volatility_sample_mean,0.4707697177095803,0.4465369341290348,0.03634739370648259,0.6666993451094018,False
MUT-6.tif,MUT,area_volatility_sample_mean,0.480101624343772,0.4465369341290348,0.03634739370648259,0.9234414573375845,False
MUT-7.tif,MUT,area_volatility_sample_mean,0.477070870983599,0.4465369341290348,0.03634739370648259,0.8400584950089139,False
WT-1.tif,WT,area_volatility_sample_mean,0.34112215754160174,0.43347766892301065,0.074489447532431,-1.23984691041237,False
WT-10.tif,WT,area_volatility_sample_mean,0.4664531841504862,0.43347766892301065,0.074489447532431,0.44268706937474284,False
WT-2.tif,WT,area_volatility_sample_mean,0.27813065619134075,0.43347766892301065,0.074489447532431,-2.085490198649082,True
WT-3.tif,WT,area_volatility_sample_mean,0.4226130198323557,0.43347766892301065,0.074489447532431,-0.1458548754294991,False
WT-4.tif,WT,area_volatility_sample_mean,0.4091240967050907,0.43347766892301065,0.074489447532431,-0.32693989584654876,False
WT-5.tif,WT,area_volatility_sample_mean,0.47788549392145696,0.43347766892301065,0.074489447532431,0.5961626306747967,False
WT-6.tif,WT,area_volatility_sample_mean,0.456295680715148,0.43347766892301065,0.074489447532431,0.3063254265941882,False
WT-7.tif,WT,area_volatility_sample_mean,0.5263530057657462,0.43347766892301065,0.074489447532431,1.2468254218464934,False
WT-8.tif,WT,area_volatility_sample_mean,0.4911044519296475,0.43347766892301065,0.074489447532431,0.7736234448718053,False
WT-9.tif,WT,area_volatility_sample_mean,0.4656949424772336,0.43347766892301065,0.074489447532431,0.4325078869754843,False
MUT-1.tif,MUT,area_volatility_sample_std,0.17381712761650367,0.20865597803783967,0.027382349774981232,-1.272310473996196,False
MUT-2.tif,MUT,area_volatility_sample_std,0.1880596330791415,0.20865597803783967,0.027382349774981232,-0.752175950126701,False
MUT-3.tif,MUT,area_volatility_sample_std,0.1936501830129399,0.20865597803783967,0.027382349774981232,-0.5480097635233004,False
MUT-5.tif,MUT,area_volatility_sample_std,0.23675227911001026,0.20865597803783967,0.027382349774981232,1.0260734123644015,False
MUT-6.tif,MUT,area_volatility_sample_std,0.2398257747808176,0.20865597803783967,0.027382349774981232,1.1383170910868,False
MUT-7.tif,MUT,area_volatility_sample_std,0.21983087062762505,0.20865597803783967,0.027382349774981232,0.4081056841949948,False
WT-1.tif,WT,area_volatility_sample_std,0.17567877559722034,0.20963986573619894,0.03861208927288532,-0.87954552003036,False
WT-10.tif,WT,area_volatility_sample_std,0.196541747740104,0.20963986573619894,0.03861208927288532,-0.33922323921728004,False
WT-2.tif,WT,area_volatility_sample_std,0.12179688501710281,0.20963986573619894,0.03861208927288532,-2.2750123697860185,True
WT-3.tif,WT,area_volatility_sample_std,0.21315844631407682,0.20963986573619894,0.03861208927288532,0.09112639704655248,False
WT-4.tif,WT,area_volatility_sample_std,0.21149248452418534,0.20963986573619894,0.03861208927288532,0.04798027827226041,False
WT-5.tif,WT,area_volatility_sample_std,0.21988896263988664,0.20963986573619894,0.03861208927288532,0.26543751184386044,False
WT-6.tif,WT,area_volatility_sample_std,0.26030064329472663,0.20963986573619894,0.03861208927288532,1.3120444532407975,False
WT-7.tif,WT,area_volatility_sample_std,0.22511994569683952,0.20963986573619894,0.03861208927288532,0.40091277763390015,False
WT-8.tif,WT,area_volatility_sample_std,0.24055472940721162,0.20963986573619894,0.03861208927288532,0.8006524446922926,False
WT-9.tif,WT,area_volatility_sample_std,0.23186603713063597,0.20963986573619894,0.03861208927288532,0.5756272663040012,False
MUT-1.tif,MUT,early_eccentricity_mean_sample_mean,0.8689729280051783,0.8848685345384499,0.020200918017363713,-0.7868754538585089,False
MUT-2.tif,MUT,early_eccentricity_mean_sample_mean,0.8883202958573857,0.8848685345384499,0.020200918017363713,0.17087150771904527,False
MUT-3.tif,MUT,early_eccentricity_mean_sample_mean,0.9096633783100049,0.8848685345384499,0.020200918017363713,1.2274117319936904,False
MUT-5.tif,MUT,early_eccentricity_mean_sample_mean,0.9041088578624228,0.8848685345384499,0.020200918017363713,0.9524479683267275,False
MUT-6.tif,MUT,early_eccentricity_mean_sample_mean,0.8569935451378279,0.8848685345384499,0.020200918017363713,-1.3798872594137597,False
MUT-7.tif,MUT,early_eccentricity_mean_sample_mean,0.88115220205788,0.8848685345384499,0.020200918017363713,-0.18396849476719473,False
WT-1.tif,WT,early_eccentricity_mean_sample_mean,0.8972350853592558,0.8869403368932277,0.02036686519847163,0.505465537563464,False
WT-10.tif,WT,early_eccentricity_mean_sample_mean,0.9077007852208692,0.8869403368932277,0.02036686519847163,1.0193246788513808,False
WT-2.tif,WT,early_eccentricity_mean_sample_mean,0.9145996422927068,0.8869403368932277,0.02036686519847163,1.3580541300756854,False
WT-3.tif,WT,early_eccentricity_mean_sample_mean,0.9019485722491244,0.8869403368932277,0.02036686519847163,0.7368947164742333,False
WT-4.tif,WT,early_eccentricity_mean_sample_mean,0.8519250455192133,0.8869403368932277,0.02036686519847163,-1.7192283168173568,False
WT-5.tif,WT,early_eccentricity_mean_sample_mean,0.89177607636568,0.8869403368932277,0.02036686519847163,0.2374317021951512,False
WT-6.tif,WT,early_eccentricity_mean_sample_mean,0.8784244891197588,0.8869403368932277,0.02036686519847163,-0.4181226561124373,False
WT-7.tif,WT,early_eccentricity_mean_sample_mean,0.8758243594653616,0.8869403368932277,0.02036686519847163,-0.5457873521301766,False
WT-8.tif,WT,early_eccentricity_mean_sample_mean,0.8595800434850028,0.8869403368932277,0.02036686519847163,-1.34337283335474,False
WT-9.tif,WT,early_eccentricity_mean_sample_mean,0.8903892698553039,0.8869403368932277,0.02036686519847163,0.169340393254774,False
MUT-1.tif,MUT,early_eccentricity_mean_sample_std,0.10371759269785778,0.09167629572542751,0.016692159630819128,0.721374420012024,False
MUT-2.tif,MUT,early_eccentricity_mean_sample_std,0.08395236098746237,0.09167629572542751,0.016692159630819128,-0.46272830531193015,False
MUT-3.tif,MUT,early_eccentricity_mean_sample_std,0.08210104089077118,0.09167629572542751,0.016692159630819128,-0.5736378663056467,False
MUT-5.tif,MUT,early_eccentricity_mean_sample_std,0.08385632354944751,0.09167629572542751,0.016692159630819128,-0.46848175124935926,False
MUT-6.tif,MUT,early_eccentricity_mean_sample_std,0.12001128534361227,0.09167629572542751,0.016692159630819128,1.6975029142346085,False
MUT-7.tif,MUT,early_eccentricity_mean_sample_std,0.07641917088341398,0.09167629572542751,0.016692159630819128,-0.9140294113796965,False
WT-1.tif,WT,early_eccentricity_mean_sample_std,0.09002139205114708,0.08730140751444553,0.012748938300741853,0.2133498862837291,False
WT-10.tif,WT,early_eccentricity_mean_sample_std,0.06566755556211931,0.08730140751444553,0.012748938300741853,-1.6969140050718854,False
WT-2.tif,WT,early_eccentricity_mean_sample_std,0.08449883980810331,0.08730140751444553,0.012748938300741853,-0.21982753702550534,False
WT-3.tif,WT,early_eccentricity_mean_sample_std,0.07724893433249712,0.08730140751444553,0.012748938300741853,-0.7884949275629846,False
WT-4.tif,WT,early_eccentricity_mean_sample_std,0.10944975377595112,0.08730140751444553,0.012748938300741853,1.7372698603629446,False
WT-5.tif,WT,early_eccentricity_mean_sample_std,0.08568832953929237,0.08730140751444553,0.012748938300741853,-0.12652645554487413,False
WT-6.tif,WT,early_eccentricity_mean_sample_std,0.0896819227480322,0.08730140751444553,0.012748938300741853,0.18672262563606232,False
WT-7.tif,WT,early_eccentricity_mean_sample_std,0.07704112387437374,0.08730140751444553,0.012748938300741853,-0.8047951443513334,False
WT-8.tif,WT,early_eccentricity_mean_sample_std,0.1036307646243318,0.08730140751444553,0.012748938300741853,1.2808405472427515,False
WT-9.tif,WT,early_eccentricity_mean_sample_std,0.09008545882860725,0.08730140751444553,0.012748938300741853,0.2183751500310985,False
MUT-1.tif,MUT,late_eccentricity_mean_sample_mean,0.874257241236685,0.8911502778226862,0.011753808419235262,-1.43723940219712,False
MUT-2.tif,MUT,late_eccentricity_mean_sample_mean,0.8942759871959508,0.8911502778226862,0.011753808419235262,0.2659316250339212,False
MUT-3.tif,MUT,late_eccentricity_mean_sample_mean,0.9038760513990898,0.8911502778226862,0.011753808419235262,1.082693636181588,False
MUT-5.tif,MUT,late_eccentricity_mean_sample_mean,0.9029203840443749,0.8911502778226862,0.011753808419235262,1.0013865975922145,False
MUT-6.tif,MUT,late_eccentricity_mean_sample_mean,0.8814510457215692,0.8911502778226862,0.011753808419235262,-0.8251990976170825,False
MUT-7.tif,MUT,late_eccentricity_mean_sample_mean,0.890120957338447,0.8911502778226862,0.011753808419235262,-0.08757335899355889,False
WT-1.tif,WT,late_eccentricity_mean_sample_mean,0.8801358709960005,0.8888281054844575,0.02251207622794657,-0.3861142970751999,False
WT-10.tif,WT,late_eccentricity_mean_sample_mean,0.9143857438557658,0.8888281054844575,0.02251207622794657,1.135285706770172,False
WT-2.tif,WT,late_eccentricity_mean_sample_mean,0.9111182964276618,0.8888281054844575,0.02251207622794657,0.9901437218630803,False
WT-3.tif,WT,late_eccentricity_mean_sample_mean,0.9140782887585973,0.8888281054844575,0.02251207622794657,1.1216283659698252,False
WT-4.tif,WT,late_eccentricity_mean_sample_mean,0.8726597887747184,0.8888281054844575,0.02251207622794657,-0.7182063771473756,False
WT-5.tif,WT,late_eccentricity_mean_sample_mean,0.8786854551707662,0.8888281054844575,0.02251207622794657,-0.4505426425795455,False
WT-6.tif,WT,late_eccentricity_mean_sample_mean,0.8887724375233305,0.8888281054844575,0.02251207622794657,-0.0024728043989956996,False
WT-7.tif,WT,late_eccentricity_mean_sample_mean,0.8571342507525375,0.8888281054844575,0.02251207622794657,-1.4078601374214932,False
WT-8.tif,WT,late_eccentricity_mean_sample_mean,0.8600718013900897,0.8888281054844575,0.02251207622794657,-1.27737236686635,False
WT-9.tif,WT,late_eccentricity_mean_sample_mean,0.9112391211951051,0.8888281054844575,0.02251207622794657,0.9955108308858033,False
MUT-1.tif,MUT,late_eccentricity_mean_sample_std,0.09676854682216537,0.08825439522466898,0.010479487606467794,0.8124587687132319,False
MUT-2.tif,MUT,late_eccentricity_mean_sample_std,0.08369052488013515,0.08825439522466898,0.010479487606467794,-0.4355051044401324,False
MUT-3.tif,MUT,late_eccentricity_mean_sample_std,0.08711144120309215,0.08825439522466898,0.010479487606467794,-0.10906583074456903,False
MUT-5.tif,MUT,late_eccentricity_mean_sample_std,0.10183559452702745,0.08825439522466898,0.010479487606467794,1.2959793276511293,False
MUT-6.tif,MUT,late_eccentricity_mean_sample_std,0.08829819584333008,0.08825439522466898,0.010479487606467794,0.004179652699247618,False
MUT-7.tif,MUT,late_eccentricity_mean_sample_std,0.07182206807226361,0.08825439522466898,0.010479487606467794,-1.5680468138789114,False
WT-1.tif,WT,late_eccentricity_mean_sample_std,0.08885657071851125,0.08272303733033305,0.015435897375019695,0.3973551546218652,False
WT-10.tif,WT,late_eccentricity_mean_sample_std,0.06316769485444662,0.08272303733033305,0.015435897375019695,-1.2668743514409042,False
WT-2.tif,WT,late_eccentricity_mean_sample_std,0.0818818583660443,0.08272303733033305,0.015435897375019695,-0.054494982951238016,False
WT-3.tif,WT,late_eccentricity_mean_sample_std,0.06932004660982696,0.08272303733033305,0.015435897375019695,-0.868300066713095,False
WT-4.tif,WT,late_eccentricity_mean_sample_std,0.10253352897977108,0.08272303733033305,0.015435897375019695,1.283403949128209,False
WT-5.tif,WT,late_eccentricity_mean_sample_std,0.09233985643381493,0.08272303733033305,0.015435897375019695,0.623016522450131,False
WT-6.tif,WT,late_eccentricity_mean_sample_std,0.08767718197390884,0.08272303733033305,0.015435897375019695,0.32094957119844564,False
WT-7.tif,WT,late_eccentricity_mean_sample_std,0.09098286127014216,0.08272303733033305,0.015435897375019695,0.5351048752874056,False
WT-8.tif,WT,late_eccentricity_mean_sample_std,0.0959016169084775,0.08272303733033305,0.015435897375019695,0.8537618032801693,False
WT-9.tif,WT,late_eccentricity_mean_sample_std,0.05456915718838686,0.08272303733033305,0.015435897375019695,-1.8239224748609906,False
MUT-1.tif,MUT,eccentricity_trend_slope_sample_mean,-0.0005772003047263815,-0.0002244006405202181,0.0010725281260922654,-0.32894210941729046,False
MUT-2.tif,MUT,eccentricity_trend_slope_sample_mean,0.0013860342733045979,-0.0002244006405202181,0.0010725281260922654,1.5015316378624055,False
MUT-3.tif,MUT,eccentricity_trend_slope_sample_mean,-0.00023969478310589568,-0.0002244006405202181,0.0010725281260922654,-0.01425989884423963,False
MUT-5.tif,MUT,eccentricity_trend_slope_sample_mean,-0.001854028445114138,-0.0002244006405202181,0.0010725281260922654,-1.5194266378182881,False
MUT-6.tif,MUT,eccentricity_trend_slope_sample_mean,-0.00041979360508860705,-0.0002244006405202181,0.0010725281260922654,-0.1821798047201795,False
MUT-7.tif,MUT,eccentricity_trend_slope_sample_mean,0.0003582790216091157,-0.0002244006405202181,0.0010725281260922654,0.543276812937592,False
WT-1.tif,WT,eccentricity_trend_slope_sample_mean,-0.0006000864688179993,-0.00013642838284167082,0.0007711997474407768,-0.6012165946824749,False
WT-10.tif,WT,eccentricity_trend_slope_sample_mean,-3.0662713719309645e-05,-0.00013642838284167082,0.0007711997474407768,0.13714432541419277,False
WT-2.tif,WT,eccentricity_trend_slope_sample_mean,-0.0002968251482250192,-0.00013642838284167082,0.0007711997474407768,-0.20798342571509443,False
WT-3.tif,WT,eccentricity_trend_slope_sample_mean,-0.0006067834325926926,-0.00013642838284167082,0.0007711997474407768,-0.6099004198482859,False
WT-4.tif,WT,eccentricity_trend_slope_sample_mean,-0.0003763789853331305,-0.00013642838284167082,0.0007711997474407768,-0.31113936861070657,False
WT-5.tif,WT,eccentricity_trend_slope_sample_mean,-0.0007233933343137745,-0.00013642838284167082,0.0007711997474407768,-0.7611062547931902,False
WT-6.tif,WT,eccentricity_trend_slope_sample_mean,0.00045133166457915166,-0.00013642838284167082,0.0007711997474407768,0.7621372405415092,False
WT-7.tif,WT,eccentricity_trend_slope_sample_mean,-0.0007702556109975828,-0.00013642838284167082,0.0007711997474407768,-0.8218716749574477,False
WT-8.tif,WT,eccentricity_trend_slope_sample_mean,-0.00020498590305738967,-0.00013642838284167082,0.0007711997474407768,-0.08889722856267356,False
WT-9.tif,WT,eccentricity_trend_slope_sample_mean,0.0017937561040610385,-0.00013642838284167082,0.0007711997474407768,2.5028334012141715,True
MUT-1.tif,MUT,eccentricity_trend_slope_sample_std,0.026210301083869608,0.02263251889477415,0.0036999255594344833,0.9669876141081887,False
MUT-2.tif,MUT,eccentricity_trend_slope_sample_std,0.02657363519344601,0.02263251889477415,0.0036999255594344833,1.0651879978023777,False
MUT-3.tif,MUT,eccentricity_trend_slope_sample_std,0.02056119851036979,0.02263251889477415,0.0036999255594344833,-0.5598275833206094,False
MUT-5.tif,MUT,eccentricity_trend_slope_sample_std,0.02491196537920628,0.02263251889477415,0.0036999255594344833,0.6160790123519486,False
MUT-6.tif,MUT,eccentricity_trend_slope_sample_std,0.019391350458435805,0.02263251889477415,0.0036999255594344833,-0.8760090937704553,False
MUT-7.tif,MUT,eccentricity_trend_slope_sample_std,0.018146662743317415,0.02263251889477415,0.0036999255594344833,-1.2124179471714502,False
WT-1.tif,WT,eccentricity_trend_slope_sample_std,0.01783919117248221,0.014747066128432088,0.0039957982809756334,0.7738441299131682,False
WT-10.tif,WT,eccentricity_trend_slope_sample_std,0.01781630944753554,0.014747066128432088,0.0039957982809756334,0.7681176834467355,False
WT-2.tif,WT,eccentricity_trend_slope_sample_std,0.01373917936339907,0.014747066128432088,0.0039957982809756334,-0.2522366481390364,False
WT-3.tif,WT,eccentricity_trend_slope_sample_std,0.011234320317916912,0.014747066128432088,0.0039957982809756334,-0.8791098958222401,False
WT-4.tif,WT,eccentricity_trend_slope_sample_std,0.021030302334725366,0.014747066128432088,0.0039957982809756334,1.5724608111996918,False
WT-5.tif,WT,eccentricity_trend_slope_sample_std,0.013561545571800416,0.014747066128432088,0.0039957982809756334,-0.2966917930457214,False
WT-6.tif,WT,eccentricity_trend_slope_sample_std,0.011431019666312294,0.014747066128432088,0.0039957982809756334,-0.8298833496945525,False
WT-7.tif,WT,eccentricity_trend_slope_sample_std,0.00816605379146132,0.014747066128432088,0.0039957982809756334,-1.646983124324263,False
WT-8.tif,WT,eccentricity_trend_slope_sample_std,0.013961827522319385,0.014747066128432088,0.0039957982809756334,-0.19651607786391426,False
WT-9.tif,WT,eccentricity_trend_slope_sample_std,0.018690912096368355,0.014747066128432088,0.0039957982809756334,0.9869982643301299,False
MUT-1.tif,MUT,temporal_persistence_sample_mean,0.3879891235148688,0.3171859621123469,0.06269285079063971,1.129365797050229,False
MUT-2.tif,MUT,temporal_persistence_sample_mean,0.32417198076335413,0.3171859621123469,0.06269285079063971,0.11143246100479244,False
MUT-3.tif,MUT,temporal_persistence_sample_mean,0.327958577576158,0.3171859621123469,0.06269285079063971,0.1718316415341489,False
MUT-5.tif,MUT,temporal_persistence_sample_mean,0.3618122475226542,0.3171859621123469,0.06269285079063971,0.711824152953819,False
MUT-6.tif,MUT,temporal_persistence_sample_mean,0.20808904800417324,0.3171859621123469,0.06269285079063971,-1.7401811009121035,False
MUT-7.tif,MUT,temporal_persistence_sample_mean,0.29309479529287297,0.3171859621123469,0.06269285079063971,-0.3842729516308873,False
WT-1.tif,WT,temporal_persistence_sample_mean,0.2719478548720904,0.3247372841411737,0.05859031518077945,-0.9009924098582232,False
WT-10.tif,WT,temporal_persistence_sample_mean,0.28703305244064004,0.3247372841411737,0.05859031518077945,-0.6435232782789763,False
WT-2.tif,WT,temporal_persistence_sample_mean,0.324227837097292,0.3247372841411737,0.05859031518077945,-0.008695072595356106,False
WT-3.tif,WT,temporal_persistence_sample_mean,0.4366552755883574,0.3247372841411737,0.05859031518077945,1.9101790304739377,False
WT-4.tif,WT,temporal_persistence_sample_mean,0.24708102335047752,0.3247372841411737,0.05859031518077945,-1.3254112143122814,False
WT-5.tif,WT,temporal_persistence_sample_mean,0.33266063911075455,0.3247372841411737,0.05859031518077945,0.13523318564055292,False
WT-6.tif,WT,temporal_persistence_sample_mean,0.28295473550088357,0.3247372841411737,0.05859031518077945,-0.7131306344977112,False
WT-7.tif,WT,temporal_persistence_sample_mean,0.37847955825033547,0.3247372841411737,0.05859031518077945,0.9172552484713705,False
WT-8.tif,WT,temporal_persistence_sample_mean,0.306054162371021,0.3247372841411737,0.05859031518077945,-0.3188773044232007,False
WT-9.tif,WT,temporal_persistence_sample_mean,0.38027870282988513,0.3247372841411737,0.05859031518077945,0.9479624493798898,False
MUT-1.tif,MUT,temporal_persistence_sample_std,0.3155062941643616,0.36628868627578365,0.04668942053370562,-1.0876637904460962,False
MUT-2.tif,MUT,temporal_persistence_sample_std,0.3923683375340398,0.36628868627578365,0.04668942053370562,0.5585773170911167,False
MUT-3.tif,MUT,temporal_persistence_sample_std,0.3687968250229211,0.36628868627578365,0.04668942053370562,0.0537196375210269,False
MUT-5.tif,MUT,temporal_persistence_sample_std,0.4410458067176884,0.36628868627578365,0.04668942053370562,1.601157598174446,False
MUT-6.tif,MUT,temporal_persistence_sample_std,0.32178404368282587,0.36628868627578365,0.04668942053370562,-0.9532061457226563,False
MUT-7.tif,MUT,temporal_persistence_sample_std,0.358230810532865,0.36628868627578365,0.04668942053370562,-0.17258461661783941,False
WT-1.tif,WT,temporal_persistence_sample_std,0.34635382378203555,0.36729920584915043,0.030434766092287725,-0.6882057842535059,False
WT-10.tif,WT,temporal_persistence_sample_std,0.36114898365065407,0.36729920584915043,0.030434766092287725,-0.20207883904370985,False
WT-2.tif,WT,temporal_persistence_sample_std,0.3801559170871817,0.36729920584915043,0.030434766092287725,0.4224350270689025,False
WT-3.tif,WT,temporal_persistence_sample_std,0.3878556011577691,0.36729920584915043,0.030434766092287725,0.675424783824041,False
WT-4.tif,WT,temporal_persistence_sample_std,0.36897031324858814,0.36729920584915043,0.030434766092287725,0.054907844350450735,False
WT-5.tif,WT,temporal_persistence_sample_std,0.38528785938894083,0.36729920584915043,0.030434766092287725,0.5910560799200224,False
WT-6.tif,WT,temporal_persistence_sample_std,0.39459936671428536,0.36729920584915043,0.030434766092287725,0.8970057723575829,False
WT-7.tif,WT,temporal_persistence_sample_std,0.3315151303937596,0.36729920584915043,0.030434766092287725,-1.1757631173140055,False
WT-8.tif,WT,temporal_persistence_sample_std,0.30973200055516126,0.36729920584915043,0.030434766092287725,-1.8914949147112685,False
WT-9.tif,WT,temporal_persistence_sample_std,0.40737306251312866,0.36729920584915043,0.030434766092287725,1.31671314780149,False
MUT-1.tif,MUT,speed_cv_sample_mean,0.8174404329139615,0.7931592063782135,0.042439241761919384,0.5721409131662556,False
MUT-2.tif,MUT,speed_cv_sample_mean,0.8247138044205037,0.7931592063782135,0.042439241761919384,0.7435240765918695,False
MUT-3.tif,MUT,speed_cv_sample_mean,0.7690598431190071,0.7931592063782135,0.042439241761919384,-0.5678556510128476,False
MUT-5.tif,MUT,speed_cv_sample_mean,0.8473870601054092,0.7931592063782135,0.042439241761919384,1.2777762154990773,False
MUT-6.tif,MUT,speed_cv_sample_mean,0.7400823862328348,0.7931592063782135,0.042439241761919384,-1.2506542987533842,False
MUT-7.tif,MUT,speed_cv_sample_mean,0.7602717114775647,0.7931592063782135,0.042439241761919384,-0.7749312554909653,False
WT-1.tif,WT,speed_cv_sample_mean,0.8858773544216013,0.8100896516706297,0.09367498605738256,0.809049522617983,False
WT-10.tif,WT,speed_cv_sample_mean,0.7495746092936763,0.8100896516706297,0.09367498605738256,-0.646010689981675,False
WT-2.tif,WT,speed_cv_sample_mean,0.9565322199141043,0.8100896516706297,0.09367498605738256,1.563304937710566,False
WT-3.tif,WT,speed_cv_sample_mean,0.9252256315783521,0.8100896516706297,0.09367498605738256,1.2291005822749037,False
WT-4.tif,WT,speed_cv_sample_mean,0.8141507894457761,0.8100896516706297,0.09367498605738256,0.043353492176221406,False
WT-5.tif,WT,speed_cv_sample_mean,0.7547452904702467,0.8100896516706297,0.09367498605738256,-0.5908125907430684,False
WT-6.tif,WT,speed_cv_sample_mean,0.7472381594225831,0.8100896516706297,0.09367498605738256,-0.6709527793208921,False
WT-7.tif,WT,speed_cv_sample_mean,0.674367802254478,0.8100896516706297,0.09367498605738256,-1.4488590298055928,False
WT-8.tif,WT,speed_cv_sample_mean,0.7293134916011436,0.8100896516706297,0.09367498605738256,-0.8623023441925581,False
WT-9.tif,WT,speed_cv_sample_mean,0.8638711683043379,0.8100896516706297,0.09367498605738256,0.5741288992641337,False
MUT-1.tif,MUT,speed_cv_sample_std,0.26879384846252147,0.24508507318929676,0.03986997215940972,0.5946524160697011,False
MUT-2.tif,MUT,speed_cv_sample_std,0.24930435630692993,0.24508507318929676,0.03986997215940972,0.10582608637807583,False
MUT-3.tif,MUT,speed_cv_sample_std,0.17143738096595132,0.24508507318929676,0.03986997215940972,-1.8471969814497058,False
MUT-5.tif,MUT,speed_cv_sample_std,0.23853778598783168,0.24508507318929676,0.03986997215940972,-0.16421599632142841,False
MUT-6.tif,MUT,speed_cv_sample_std,0.25485699392131234,0.24508507318929676,0.03986997215940972,0.24509474681710566,False
MUT-7.tif,MUT,speed_cv_sample_std,0.2875800734912339,0.24508507318929676,0.03986997215940972,1.065839728506253,False
WT-1.tif,WT,speed_cv_sample_std,0.28280480466476166,0.23242839754216787,0.04297422764021814,1.1722469463406526,False
WT-10.tif,WT,speed_cv_sample_std,0.2058073245082278,0.23242839754216787,0.04297422764021814,-0.6194660031312883,False
WT-2.tif,WT,speed_cv_sample_std,0.2964564424539989,0.23242839754216787,0.04297422764021814,1.4899172929383682,False
WT-3.tif,WT,speed_cv_sample_std,0.2683181199461153,0.23242839754216787,0.04297422764021814,0.8351452573951429,False
WT-4.tif,WT,speed_cv_sample_std,0.17227450895803384,0.23242839754216787,0.04297422764021814,-1.3997666016884507,False
WT-5.tif,WT,speed_cv_sample_std,0.22544844658398083,0.23242839754216787,0.04297422764021814,-0.162421789557766,False
WT-6.tif,WT,speed_cv_sample_std,0.19029683433312575,0.23242839754216787,0.04297422764021814,-0.9803914002077982,False
WT-7.tif,WT,speed_cv_sample_std,0.18838086939951157,0.23242839754216787,0.04297422764021814,-1.0249754460143852,False
WT-8.tif,WT,speed_cv_sample_std,0.2381596267174361,0.23242839754216787,0.04297422764021814,0.1333643322981925,False
WT-9.tif,WT,speed_cv_sample_std,0.25633699785648756,0.23242839754216787,0.04297422764021814,0.5563474116273454,False
MUT-1.tif,MUT,directional_consistency_sample_mean,0.7015264043306705,0.7063607402668728,0.009857472714252238,-0.4904234661702561,False
MUT-2.tif,MUT,directional_consistency_sample_mean,0.7121458881642498,0.7063607402668728,0.009857472714252238,0.586879422857819,False
MUT-3.tif,MUT,directional_consistency_sample_mean,0.7142818413478494,0.7063607402668728,0.009857472714252238,0.8035630744910999,False
MUT-5.tif,MUT,directional_consistency_sample_mean,0.6984599142112836,0.7063607402668728,0.009857472714252238,-0.8015062566864541,False
MUT-6.tif,MUT,directional_consistency_sample_mean,0.6935591157865426,0.7063607402668728,0.009857472714252238,-1.2986720685334683,False
MUT-7.tif,MUT,directional_consistency_sample_mean,0.7181912777606403,0.7063607402668728,0.009857472714252238,1.2001592940412145,False
WT-1.tif,WT,directional_consistency_sample_mean,0.7081040743093718,0.7090755237100932,0.012818627242780748,-0.07578419922214864,False
WT-10.tif,WT,directional_consistency_sample_mean,0.733066260078748,0.7090755237100932,0.012818627242780748,1.87155269548586,False
WT-2.tif,WT,directional_consistency_sample_mean,0.7104640123048517,0.7090755237100932,0.012818627242780748,0.1083180412739173,False
WT-3.tif,WT,directional_consistency_sample_mean,0.6998398365334223,0.7090755237100932,0.012818627242780748,-0.720489565828688,False
WT-4.tif,WT,directional_consistency_sample_mean,0.7134139178802885,0.7090755237100932,0.012818627242780748,0.33844452202466857,False
WT-5.tif,WT,directional_consistency_sample_mean,0.7001001132152657,0.7090755237100932,0.012818627242780748,-0.7001849983493623,False
WT-6.tif,WT,directional_consistency_sample_mean,0.7291316049281364,0.7090755237100932,0.012818627242780748,1.5646044493054845,False
WT-7.tif,WT,directional_consistency_sample_mean,0.6990180460795279,0.7090755237100932,0.012818627242780748,-0.7845986500800637,False
WT-8.tif,WT,directional_consistency_sample_mean,0.6979326007341108,0.7090755237100932,0.012818627242780748,-0.8692758409257846,False
WT-9.tif,WT,directional_consistency_sample_mean,0.6996847710372079,0.7090755237100932,0.012818627242780748,-0.7325864536839525,False
MUT-1.tif,MUT,directional_consistency_sample_std,0.08739268911085521,0.09073496410127936,0.00667347315631426,-0.5008299145193655,False
MUT-2.tif,MUT,directional_consistency_sample_std,0.1014525254765901,0.09073496410127936,0.00667347315631426,1.6059945285267347,False
MUT-3.tif,MUT,directional_consistency_sample_std,0.09139758329655075,0.09073496410127936,0.00667347315631426,0.0992915053002698,False
MUT-5.tif,MUT,directional_consistency_sample_std,0.08410325221374887,0.09073496410127936,0.00667347315631426,-0.9937421987313675,False
MUT-6.tif,MUT,directional_consistency_sample_std,0.08497064513045265,0.09073496410127936,0.00667347315631426,-0.8637659635107203,False
MUT-7.tif,MUT,directional_consistency_sample_std,0.09509308937947863,0.09073496410127936,0.00667347315631426,0.6530520429344551,False
WT-1.tif,WT,directional_consistency_sample_std,0.09107730988929617,0.09292431780946166,0.01115255329857988,-0.16561300992846845,False
WT-10.tif,WT,directional_consistency_sample_std,0.10616451100692083,0.09292431780946166,0.01115255329857988,1.1871894124142068,False
WT-2.tif,WT,directional_consistency_sample_std,0.09482281996123644,0.09292431780946166,0.01115255329857988,0.17023026933361807,False
WT-3.tif,WT,directional_consistency_sample_std,0.08339553455657554,0.09292431780946166,0.01115255329857988,-0.8544037403613637,False
WT-4.tif,WT,directional_consistency_sample_std,0.11437433455137834,0.09292431780946166,0.01115255329857988,1.9233278844449044,False
WT-5.tif,WT,directional_consistency_sample_std,0.0894037567127653,0.09292431780946166,0.01115255329857988,-0.3156731021536247,False
WT-6.tif,WT,directional_consistency_sample_std,0.10116253504016187,0.09292431780946166,0.01115255329857988,0.738684407968643,False
WT-7.tif,WT,directional_consistency_sample_std,0.08097896532732911,0.09292431780946166,0.01115255329857988,-1.0710867872430272,False
WT-8.tif,WT,directional_consistency_sample_std,0.08306353454701827,0.09292431780946166,0.01115255329857988,-0.8841727090153441,False
WT-9.tif,WT,directional_consistency_sample_std,0.08479987650193455,0.09292431780946166,0.01115255329857988,-0.7284826254595568,False
