track_id,Genotype,start,end,duration
0,WT,0,2,3
1,WT,0,23,24
2,WT,0,2,3
3,WT,0,3,4
4,WT,0,19,73
5,WT,0,4,5
6,WT,0,4,5
7,WT,0,3,7
8,WT,0,11,12
9,WT,0,19,58
10,WT,0,10,11
11,WT,0,14,15
12,WT,0,2,3
13,WT,0,12,13
14,WT,0,2,3
15,WT,0,2,3
16,WT,0,119,442
17,WT,0,9,10
18,WT,0,0,1
19,WT,0,27,57
20,WT,0,21,22
21,WT,0,4,5
22,WT,0,8,9
23,WT,0,10,14
24,WT,0,0,1
25,WT,0,27,28
26,WT,0,4,8
27,WT,0,23,41
28,WT,0,1,2
29,WT,0,4,5
30,WT,2,2,1
31,WT,3,60,58
32,WT,3,3,1
33,WT,3,16,17
34,WT,4,4,1
35,WT,4,37,37
36,WT,4,6,3
37,WT,4,5,2
38,WT,4,16,13
39,WT,5,5,1
40,WT,6,24,31
41,WT,6,9,4
42,WT,6,7,2
43,WT,7,7,1
44,WT,7,9,3
45,WT,8,8,1
46,WT,8,9,2
47,WT,8,8,1
48,WT,8,12,5
49,WT,9,11,3
50,WT,10,12,3
51,WT,10,12,3
52,WT,10,25,19
53,WT,11,11,1
54,WT,12,13,2
55,WT,12,12,1
56,WT,13,14,2
57,WT,13,14,2
58,WT,13,16,4
59,WT,13,14,2
60,WT,13,19,7
61,WT,13,14,2
62,WT,14,18,5
63,WT,14,21,16
64,WT,15,15,1
65,WT,15,17,3
66,WT,15,18,4
67,WT,16,18,3
68,WT,16,47,32
69,WT,16,20,19
70,WT,16,16,1
71,WT,16,16,1
72,WT,17,18,2
73,WT,17,18,2
74,WT,18,19,2
75,WT,18,18,1
76,WT,19,24,12
77,WT,20,20,1
78,WT,20,27,8
79,WT,20,22,3
80,WT,20,20,1
81,WT,21,106,109
82,WT,21,21,1
83,WT,21,48,28
84,WT,21,21,1
85,WT,21,23,3
86,WT,21,24,4
87,WT,22,26,5
88,WT,22,22,1
89,WT,23,23,1
90,WT,23,23,1
91,WT,24,24,1
92,WT,24,24,1
93,WT,24,35,12
94,WT,25,26,2
95,WT,25,25,1
96,WT,25,26,2
97,WT,26,28,3
98,WT,26,27,2
99,WT,27,27,1
100,WT,27,33,7
101,WT,27,28,2
102,WT,27,27,1
103,WT,27,27,1
104,WT,27,27,1
105,WT,27,27,1
106,WT,28,28,1
107,WT,28,28,1
108,WT,28,35,11
109,WT,28,30,3
110,WT,29,29,1
111,WT,29,29,1
112,WT,29,29,1
113,WT,29,29,1
114,WT,29,45,29
115,WT,29,29,1
116,WT,30,31,5
117,WT,30,30,1
118,WT,30,31,2
119,WT,30,30,1
120,WT,31,33,3
121,WT,31,32,2
122,WT,32,39,8
123,WT,32,39,11
124,WT,32,33,2
125,WT,32,45,36
126,WT,32,34,3
127,WT,32,43,12
128,WT,32,32,1
129,WT,32,32,1
130,WT,33,33,1
131,WT,33,33,1
132,WT,34,46,13
133,WT,35,36,2
134,WT,35,35,1
135,WT,35,35,1
136,WT,36,41,12
137,WT,36,36,1
138,WT,37,44,8
139,WT,37,38,2
140,WT,37,37,1
141,WT,37,37,1
142,WT,38,38,1
143,WT,38,38,1
144,WT,38,38,1
145,WT,39,39,1
146,WT,40,40,1
147,WT,40,50,23
148,WT,40,42,3
149,WT,40,41,2
150,WT,40,40,1
151,WT,40,40,1
152,WT,41,41,1
153,WT,41,43,3
154,WT,41,58,18
155,WT,41,41,1
156,WT,41,41,1
157,WT,42,45,4
158,WT,42,47,9
159,WT,42,42,1
160,WT,42,42,1
161,WT,43,43,1
162,WT,44,44,1
163,WT,44,46,6
164,WT,45,48,4
165,WT,45,45,1
166,WT,45,45,1
167,WT,45,45,1
168,WT,45,45,1
169,WT,46,60,15
170,WT,46,46,1
171,WT,46,48,3
172,WT,47,47,1
173,WT,47,47,1
174,WT,47,47,1
175,WT,47,47,1
176,WT,48,48,1
177,WT,48,48,1
178,WT,49,49,1
179,WT,49,50,2
180,WT,49,49,1
181,WT,49,49,1
182,WT,50,83,46
183,WT,50,50,1
184,WT,50,52,6
185,WT,50,50,1
186,WT,50,52,6
187,WT,50,50,1
188,WT,51,57,7
189,WT,51,51,1
190,WT,51,51,1
191,WT,52,60,15
192,WT,52,54,3
193,WT,52,53,2
194,WT,52,52,1
195,WT,52,53,2
196,WT,52,52,1
197,WT,53,54,2
198,WT,53,60,11
199,WT,53,55,11
200,WT,54,57,4
201,WT,54,54,1
202,WT,54,56,3
203,WT,54,54,1
204,WT,54,54,1
205,WT,54,56,3
206,WT,56,56,1
207,WT,56,75,20
208,WT,56,57,2
209,WT,56,58,3
210,WT,56,56,1
211,WT,57,57,1
212,WT,57,57,1
213,WT,57,57,1
214,WT,57,60,7
215,WT,57,59,3
216,WT,58,64,7
217,WT,58,59,2
218,WT,59,59,1
219,WT,59,59,1
220,WT,59,59,1
221,WT,59,59,1
222,WT,60,110,51
223,WT,60,60,1
224,WT,61,64,7
225,WT,61,64,4
226,WT,61,63,3
227,WT,61,64,4
228,WT,61,61,1
229,WT,61,63,3
230,WT,62,64,3
231,WT,62,96,44
232,WT,62,62,1
233,WT,62,63,2
234,WT,62,62,1
235,WT,62,62,1
236,WT,62,62,1
237,WT,62,64,3
238,WT,63,68,15
239,WT,63,65,3
240,WT,64,72,9
241,WT,64,64,1
242,WT,64,64,1
243,WT,65,65,1
244,WT,65,65,1
245,WT,65,65,1
246,WT,65,65,1
247,WT,66,82,17
248,WT,66,75,10
249,WT,66,68,3
250,WT,66,66,1
251,WT,66,66,1
252,WT,66,67,2
253,WT,67,67,1
254,WT,67,69,3
255,WT,67,67,1
256,WT,67,67,1
257,WT,68,68,1
258,WT,68,68,1
259,WT,68,70,3
260,WT,69,69,1
261,WT,69,71,3
262,WT,70,70,1
263,WT,70,71,2
264,WT,70,72,3
265,WT,71,76,6
266,WT,71,73,3
267,WT,71,71,1
268,WT,71,71,1
269,WT,71,72,2
270,WT,71,78,14
271,WT,71,71,1
272,WT,73,73,1
273,WT,73,75,3
274,WT,74,74,1
275,WT,74,74,1
276,WT,74,74,1
277,WT,75,75,1
278,WT,76,76,1
279,WT,76,77,2
280,WT,76,76,1
281,WT,76,77,2
282,WT,76,76,1
283,WT,76,78,3
284,WT,76,76,1
285,WT,77,78,2
286,WT,77,94,18
287,WT,77,78,2
288,WT,78,79,2
289,WT,78,78,1
290,WT,79,82,4
291,WT,79,79,1
292,WT,79,79,1
293,WT,79,79,1
294,WT,79,80,2
295,WT,80,84,5
296,WT,80,80,1
297,WT,80,80,1
298,WT,80,83,4
299,WT,80,84,5
300,WT,81,81,1
301,WT,81,82,2
302,WT,81,81,1
303,WT,82,82,1
304,WT,82,82,1
305,WT,83,83,1
306,WT,83,84,5
307,WT,83,83,1
308,WT,83,83,1
309,WT,84,95,12
310,WT,84,84,1
311,WT,84,84,1
312,WT,84,85,2
313,WT,85,104,29
314,WT,85,94,10
315,WT,86,87,2
316,WT,86,86,1
317,WT,86,86,1
318,WT,86,95,19
319,WT,86,90,5
320,WT,86,86,1
321,WT,87,93,7
322,WT,87,88,2
323,WT,87,89,3
324,WT,88,88,1
325,WT,88,88,1
326,WT,88,88,1
327,WT,88,88,1
328,WT,90,92,3
329,WT,90,91,2
330,WT,90,90,1
331,WT,91,93,3
332,WT,91,91,1
333,WT,92,92,1
334,WT,93,94,2
335,WT,93,93,1
336,WT,94,121,31
337,WT,94,94,1
338,WT,95,112,18
339,WT,95,95,1
340,WT,96,96,1
341,WT,96,96,1
342,WT,96,97,2
343,WT,96,96,1
344,WT,96,108,30
345,WT,97,120,24
346,WT,97,97,1
347,WT,97,97,1
348,WT,97,97,1
349,WT,98,98,1
350,WT,98,98,1
351,WT,99,100,2
352,WT,99,99,1
353,WT,99,99,1
354,WT,100,100,1
355,WT,100,105,6
356,WT,100,101,2
357,WT,100,100,1
358,WT,100,100,1
359,WT,100,100,1
360,WT,101,101,1
361,WT,101,101,1
362,WT,101,102,5
363,WT,102,102,1
364,WT,102,102,1
365,WT,102,109,8
366,WT,103,104,2
367,WT,103,106,4
368,WT,104,104,1
369,WT,104,104,1
370,WT,104,104,1
371,WT,105,105,1
372,WT,105,109,5
373,WT,106,106,1
374,WT,106,121,16
375,WT,106,107,2
376,WT,107,118,15
377,WT,107,108,2
378,WT,107,107,1
379,WT,108,113,6
380,WT,108,108,1
381,WT,108,112,5
382,WT,108,108,1
383,WT,108,108,1
384,WT,109,116,8
385,WT,109,109,1
386,WT,109,109,1
387,WT,110,110,1
388,WT,110,111,2
389,WT,111,111,1
390,WT,111,111,1
391,WT,111,111,1
392,WT,112,112,1
393,WT,112,114,3
394,WT,112,112,1
395,WT,112,112,1
396,WT,113,121,12
397,WT,113,119,7
398,WT,113,121,15
399,WT,113,116,7
400,WT,113,116,4
401,WT,114,120,10
402,WT,114,117,4
403,WT,115,115,1
404,WT,116,118,3
405,WT,116,120,8
406,WT,116,119,4
407,WT,116,116,1
408,WT,117,118,2
409,WT,117,117,1
410,WT,118,119,2
411,WT,118,120,3
412,WT,118,120,3
413,WT,119,120,2
414,WT,119,119,1
415,WT,120,120,1
416,WT,120,120,1
417,WT,120,121,2
418,WT,121,121,1
419,WT,121,121,1
420,WT,121,121,1
421,WT,121,121,1
422,WT,0,0,1
423,WT,0,0,1
424,WT,0,6,10
425,WT,0,0,1
426,WT,0,39,64
427,WT,0,0,1
428,WT,0,0,1
429,WT,0,0,1
430,WT,0,26,141
431,WT,0,0,1
432,WT,0,6,7
433,WT,0,45,195
434,WT,0,5,12
435,WT,0,0,1
436,WT,1,4,4
437,WT,1,8,8
438,WT,1,2,2
439,WT,1,2,2
440,WT,1,19,45
441,WT,2,4,9
442,WT,2,3,2
443,WT,3,3,1
444,WT,3,19,48
445,WT,4,4,1
446,WT,4,7,4
447,WT,5,5,1
448,WT,5,8,4
449,WT,5,9,5
450,WT,6,6,1
451,WT,6,14,9
452,WT,6,15,22
453,WT,8,8,1
454,WT,8,10,3
455,WT,8,8,1
456,WT,9,9,1
457,WT,9,22,14
458,WT,10,10,1
459,WT,10,19,13
460,WT,10,16,7
461,WT,10,29,43
462,WT,10,10,1
463,WT,11,11,1
464,WT,11,14,4
465,WT,13,22,10
466,WT,13,15,6
467,WT,15,17,3
468,WT,15,18,7
469,WT,15,19,5
470,WT,16,19,4
471,WT,16,16,1
472,WT,17,17,1
473,WT,17,17,1
474,WT,17,17,1
475,WT,18,18,1
476,WT,18,18,1
477,WT,19,25,7
478,WT,19,19,1
479,WT,20,21,2
480,WT,20,23,4
481,WT,21,22,2
482,WT,21,21,1
483,WT,21,44,47
484,WT,21,21,1
485,WT,22,41,29
486,WT,23,23,1
487,WT,23,26,4
488,WT,25,25,1
489,WT,25,26,2
490,WT,25,25,1
491,WT,25,25,1
492,WT,25,25,1
493,WT,25,26,2
494,WT,26,26,1
495,WT,27,27,1
496,WT,28,28,1
497,WT,28,32,5
498,WT,28,28,1
499,WT,28,36,9
500,WT,28,28,1
501,WT,28,38,14
502,WT,28,31,4
503,WT,29,29,1
504,WT,29,29,1
505,WT,29,31,3
506,WT,29,37,39
507,WT,30,32,3
508,WT,30,45,43
509,WT,31,32,2
510,WT,32,32,1
511,WT,32,38,7
512,WT,32,40,12
513,WT,32,32,1
514,WT,34,37,4
515,WT,34,34,1
516,WT,35,36,2
517,WT,35,35,1
518,WT,36,38,3
519,WT,36,45,40
520,WT,36,36,1
521,WT,36,36,1
522,WT,38,39,2
523,WT,38,40,3
524,WT,40,44,5
525,WT,41,45,5
526,WT,41,42,2
527,WT,42,42,1
528,WT,43,44,2
529,WT,43,45,3
530,WT,43,44,2
531,WT,43,45,3
532,WT,43,43,1
533,WT,44,44,1
534,WT,45,45,1
535,WT,45,45,1
536,WT,0,6,7
537,WT,0,0,1
538,WT,0,6,7
539,WT,0,3,4
540,WT,0,3,4
541,WT,0,0,1
542,WT,0,13,14
543,WT,0,2,3
544,WT,0,4,5
545,WT,0,19,20
546,WT,0,120,121
547,WT,0,12,13
548,WT,0,0,1
549,WT,0,8,9
550,WT,0,2,3
551,WT,0,1,2
552,WT,0,9,30
553,WT,0,7,8
554,WT,0,14,18
555,WT,0,6,10
556,WT,0,4,5
557,WT,0,3,4
558,WT,0,100,222
559,WT,0,3,4
560,WT,0,5,6
561,WT,0,41,93
562,WT,0,57,72
563,WT,0,37,41
564,WT,0,13,20
565,WT,0,4,5
566,WT,0,5,6
567,WT,0,4,11
568,WT,0,0,1
569,WT,1,2,2
570,WT,2,4,6
571,WT,2,5,4
572,WT,2,2,1
573,WT,2,3,2
574,WT,2,2,1
575,WT,2,2,1
576,WT,3,3,1
577,WT,3,4,2
578,WT,3,5,3
579,WT,4,4,1
580,WT,5,5,1
581,WT,6,7,2
582,WT,6,6,1
583,WT,6,6,1
584,WT,6,6,1
585,WT,6,7,2
586,WT,7,8,2
587,WT,7,7,1
588,WT,7,12,6
589,WT,7,18,12
590,WT,7,9,3
591,WT,7,9,3
592,WT,7,7,1
593,WT,7,7,1
594,WT,8,9,2
595,WT,8,8,1
596,WT,8,8,1
597,WT,8,8,1
598,WT,8,12,5
599,WT,9,9,1
600,WT,9,9,1
601,WT,10,10,1
602,WT,10,120,126
603,WT,10,10,1
604,WT,10,25,40
605,WT,10,24,36
606,WT,10,11,2
607,WT,11,12,2
608,WT,11,11,1
609,WT,12,12,1
610,WT,12,14,3
611,WT,12,15,4
612,WT,12,12,1
613,WT,12,12,1
614,WT,13,15,3
615,WT,14,16,3
616,WT,14,14,1
617,WT,14,14,1
618,WT,14,16,3
619,WT,14,15,2
620,WT,14,15,5
621,WT,14,16,3
622,WT,14,14,1
623,WT,15,26,12
624,WT,15,15,1
625,WT,15,21,7
626,WT,16,20,5
627,WT,16,17,2
628,WT,16,16,1
629,WT,16,16,1
630,WT,17,17,1
631,WT,17,18,2
632,WT,18,24,7
633,WT,18,18,1
634,WT,18,18,1
635,WT,18,18,1
636,WT,19,19,1
637,WT,19,19,1
638,WT,19,20,2
639,WT,19,28,10
640,WT,19,21,3
641,WT,20,21,2
642,WT,20,25,6
643,WT,20,20,1
644,WT,20,28,12
645,WT,20,20,1
646,WT,21,30,13
647,WT,21,24,4
648,WT,21,22,2
649,WT,21,21,1
650,WT,21,21,1
651,WT,22,26,5
652,WT,22,22,1
653,WT,22,120,102
654,WT,22,22,1
655,WT,23,23,1
656,WT,23,24,2
657,WT,23,26,4
658,WT,24,33,10
659,WT,24,28,5
660,WT,24,29,6
661,WT,25,25,1
662,WT,26,27,2
663,WT,26,30,5
664,WT,26,26,1
665,WT,26,26,1
666,WT,26,26,1
667,WT,26,30,8
668,WT,27,46,20
669,WT,27,28,2
670,WT,27,27,1
671,WT,27,31,5
672,WT,28,28,1
673,WT,28,29,2
674,WT,28,28,1
675,WT,28,28,1
676,WT,28,35,8
677,WT,29,29,1
678,WT,30,36,7
679,WT,30,32,3
680,WT,30,30,1
681,WT,30,37,8
682,WT,30,30,1
683,WT,30,30,1
684,WT,31,31,1
685,WT,31,31,1
686,WT,31,32,2
687,WT,31,35,5
688,WT,31,46,16
689,WT,31,31,1
690,WT,31,31,1
691,WT,32,39,8
692,WT,32,33,2
693,WT,33,33,1
694,WT,33,41,9
695,WT,33,34,2
696,WT,33,33,1
697,WT,34,120,164
698,WT,34,35,2
699,WT,34,37,10
700,WT,35,120,227
701,WT,35,37,3
702,WT,36,36,1
703,WT,36,57,28
704,WT,36,36,1
705,WT,37,37,1
706,WT,37,38,2
707,WT,37,37,1
708,WT,37,37,1
709,WT,37,47,17
710,WT,38,55,18
711,WT,38,40,3
712,WT,39,39,1
713,WT,39,42,4
714,WT,39,40,2
715,WT,39,41,3
716,WT,39,120,201
717,WT,39,39,1
718,WT,40,40,1
719,WT,40,41,2
720,WT,40,41,2
721,WT,40,41,2
722,WT,41,43,3
723,WT,41,42,2
724,WT,41,41,1
725,WT,41,41,1
726,WT,42,42,1
727,WT,43,43,1
728,WT,43,56,14
729,WT,43,43,1
730,WT,43,52,33
731,WT,43,49,7
732,WT,43,44,2
733,WT,44,44,1
734,WT,44,53,10
735,WT,44,45,2
736,WT,44,44,1
737,WT,44,44,1
738,WT,45,45,1
739,WT,45,46,2
740,WT,46,52,7
741,WT,46,57,12
742,WT,46,49,4
743,WT,46,46,1
744,WT,46,47,2
745,WT,47,48,2
746,WT,47,47,1
747,WT,47,47,1
748,WT,48,56,9
749,WT,48,51,7
750,WT,48,48,1
751,WT,48,48,1
752,WT,49,51,3
753,WT,49,49,1
754,WT,49,49,1
755,WT,50,52,3
756,WT,50,50,1
757,WT,50,50,1
758,WT,51,51,1
759,WT,51,57,10
760,WT,51,54,4
761,WT,51,51,1
762,WT,51,52,2
763,WT,51,51,1
764,WT,51,51,1
765,WT,51,51,1
766,WT,51,51,1
767,WT,52,53,2
768,WT,52,53,2
769,WT,53,55,3
770,WT,53,53,1
771,WT,53,54,5
772,WT,53,54,2
773,WT,54,54,1
774,WT,54,54,1
775,WT,54,57,4
776,WT,54,56,3
777,WT,54,57,7
778,WT,54,54,1
779,WT,54,72,65
780,WT,54,54,1
781,WT,55,59,5
782,WT,55,55,1
783,WT,56,67,12
784,WT,56,56,1
785,WT,56,57,2
786,WT,56,56,1
787,WT,57,64,14
788,WT,57,58,2
789,WT,57,59,3
790,WT,57,57,1
791,WT,57,57,1
792,WT,57,57,1
793,WT,58,59,2
794,WT,58,58,1
795,WT,58,58,1
796,WT,58,58,1
797,WT,58,75,36
798,WT,58,59,2
799,WT,59,59,1
800,WT,59,59,1
801,WT,59,61,3
802,WT,59,63,8
803,WT,59,74,19
804,WT,59,60,2
805,WT,59,59,1
806,WT,60,60,1
807,WT,60,62,3
808,WT,60,60,1
809,WT,61,64,4
810,WT,61,62,2
811,WT,61,74,14
812,WT,61,62,2
813,WT,61,61,1
814,WT,62,68,7
815,WT,62,62,1
816,WT,63,65,3
817,WT,63,63,1
818,WT,63,79,17
819,WT,63,63,1
820,WT,64,64,1
821,WT,64,64,1
822,WT,64,72,9
823,WT,64,64,1
824,WT,64,64,1
825,WT,65,68,4
826,WT,65,66,2
827,WT,66,67,2
828,WT,66,67,2
829,WT,66,70,5
830,WT,66,66,1
831,WT,66,67,2
832,WT,66,66,1
833,WT,66,70,5
834,WT,67,68,2
835,WT,67,68,2
836,WT,68,68,1
837,WT,68,69,2
838,WT,69,70,2
839,WT,69,72,4
840,WT,69,117,52
841,WT,69,69,1
842,WT,69,95,36
843,WT,70,73,4
844,WT,70,70,1
845,WT,70,71,2
846,WT,71,81,14
847,WT,71,71,1
848,WT,71,71,1
849,WT,71,71,1
850,WT,71,72,2
851,WT,72,72,1
852,WT,72,72,1
853,WT,72,72,1
854,WT,72,72,1
855,WT,72,81,10
856,WT,73,73,1
857,WT,74,88,15
858,WT,74,77,4
859,WT,74,74,1
860,WT,74,74,1
861,WT,74,74,1
862,WT,74,74,1
863,WT,74,81,8
864,WT,74,79,12
865,WT,74,74,1
866,WT,75,78,4
867,WT,75,77,3
868,WT,75,75,1
869,WT,76,80,5
870,WT,76,86,11
871,WT,76,87,12
872,WT,76,77,2
873,WT,76,76,1
874,WT,76,83,14
875,WT,76,77,2
876,WT,76,95,35
877,WT,77,77,1
878,WT,78,81,4
879,WT,78,79,2
880,WT,79,79,1
881,WT,80,82,3
882,WT,80,80,1
883,WT,81,81,1
884,WT,81,81,1
885,WT,81,81,1
886,WT,81,88,11
887,WT,82,82,1
888,WT,82,82,1
889,WT,82,82,1
890,WT,82,82,1
891,WT,83,83,1
892,WT,83,83,1
893,WT,83,84,2
894,WT,83,84,2
895,WT,83,83,1
896,WT,83,84,2
897,WT,83,83,1
898,WT,83,93,11
899,WT,83,83,1
900,WT,84,92,9
901,WT,84,84,1
902,WT,85,104,23
903,WT,85,86,2
904,WT,85,85,1
905,WT,85,85,1
906,WT,85,87,3
907,WT,86,89,4
908,WT,87,87,1
909,WT,87,91,5
910,WT,87,87,1
911,WT,87,89,3
912,WT,88,93,6
913,WT,88,88,1
914,WT,89,89,1
915,WT,89,90,2
916,WT,89,90,2
917,WT,90,90,1
918,WT,90,90,1
919,WT,90,105,28
920,WT,90,91,2
921,WT,91,92,2
922,WT,91,94,4
923,WT,92,96,5
924,WT,92,95,4
925,WT,92,92,1
926,WT,92,92,1
927,WT,92,105,25
928,WT,93,95,3
929,WT,93,93,1
930,WT,93,93,1
931,WT,94,96,6
932,WT,94,119,26
933,WT,94,94,1
934,WT,94,95,2
935,WT,94,94,1
936,WT,94,97,4
937,WT,94,94,1
938,WT,95,95,1
939,WT,95,108,14
940,WT,95,96,2
941,WT,95,96,2
942,WT,96,97,2
943,WT,97,117,21
944,WT,97,106,10
945,WT,97,102,12
946,WT,97,98,2
947,WT,98,99,2
948,WT,98,98,1
949,WT,98,98,1
950,WT,98,99,2
951,WT,98,98,1
952,WT,99,99,1
953,WT,99,104,18
954,WT,99,117,43
955,WT,100,100,1
956,WT,100,100,1
957,WT,100,108,9
958,WT,100,100,1
959,WT,100,102,3
960,WT,101,103,3
961,WT,101,102,2
962,WT,101,101,1
963,WT,102,103,2
964,WT,102,102,1
965,WT,102,114,13
966,WT,102,102,1
967,WT,102,102,1
968,WT,103,103,1
969,WT,103,103,1
970,WT,103,112,10
971,WT,104,106,3
972,WT,104,106,3
973,WT,104,108,5
974,WT,104,104,1
975,WT,105,105,1
976,WT,105,120,16
977,WT,105,107,3
978,WT,105,106,2
979,WT,105,106,2
980,WT,106,106,1
981,WT,106,106,1
982,WT,106,106,1
983,WT,107,108,2
984,WT,107,120,17
985,WT,107,119,13
986,WT,108,108,1
987,WT,108,108,1
988,WT,108,108,1
989,WT,108,111,4
990,WT,108,109,2
991,WT,108,115,8
992,WT,108,109,2
993,WT,108,108,1
994,WT,108,108,1
995,WT,108,109,2
996,WT,109,109,1
997,WT,109,109,1
998,WT,109,109,1
999,WT,109,118,13
1000,WT,109,109,1
1001,WT,110,120,11
1002,WT,110,112,3
1003,WT,110,120,20
1004,WT,110,120,11
1005,WT,110,120,11
1006,WT,111,113,3
1007,WT,111,112,2
1008,WT,112,113,2
1009,WT,112,112,1
1010,WT,113,113,1
1011,WT,113,115,3
1012,WT,113,118,6
1013,WT,113,114,2
1014,WT,114,115,2
1015,WT,114,114,1
1016,WT,114,118,11
1017,WT,114,114,1
1018,WT,114,114,1
1019,WT,115,118,4
1020,WT,115,115,1
1021,WT,116,116,1
1022,WT,116,116,1
1023,WT,116,117,2
1024,WT,117,119,3
1025,WT,117,117,1
1026,WT,117,117,1
1027,WT,117,120,4
1028,WT,117,120,10
1029,WT,117,120,4
1030,WT,117,117,1
1031,WT,117,118,2
1032,WT,119,120,2
1033,WT,119,119,1
1034,WT,119,120,2
1035,WT,119,119,1
1036,WT,119,119,1
1037,WT,119,119,1
1038,WT,120,120,1
1039,WT,120,120,1
1040,WT,120,120,1
1041,WT,0,1,2
1042,WT,0,32,33
1043,WT,0,4,5
1044,WT,0,2,3
1045,WT,0,3,4
1046,WT,0,4,5
1047,WT,0,0,1
1048,WT,0,5,15
1049,WT,0,3,4
1050,WT,0,10,11
1051,WT,0,6,7
1052,WT,0,6,7
1053,WT,0,81,106
1054,WT,0,3,4
1055,WT,0,11,15
1056,WT,0,2,3
1057,WT,0,37,53
1058,WT,0,0,1
1059,WT,0,15,19
1060,WT,0,2,3
1061,WT,0,11,15
1062,WT,0,102,191
1063,WT,0,16,35
1064,WT,0,26,33
1065,WT,0,13,14
1066,WT,0,24,53
1067,WT,1,1,1
1068,WT,1,32,38
1069,WT,2,2,1
1070,WT,3,23,30
1071,WT,4,4,1
1072,WT,4,4,1
1073,WT,5,33,38
1074,WT,5,15,11
1075,WT,6,6,1
1076,WT,7,7,1
1077,WT,8,8,1
1078,WT,10,10,1
1079,WT,11,12,2
1080,WT,12,20,9
1081,WT,12,13,2
1082,WT,13,13,1
1083,WT,15,15,1
1084,WT,15,16,2
1085,WT,16,17,2
1086,WT,16,20,8
1087,WT,16,16,1
1088,WT,16,16,1
1089,WT,17,19,3
1090,WT,18,20,3
1091,WT,18,18,1
1092,WT,18,20,3
1093,WT,19,19,1
1094,WT,20,23,4
1095,WT,20,25,6
1096,WT,21,27,7
1097,WT,21,21,1
1098,WT,21,27,10
1099,WT,21,22,2
1100,WT,22,24,3
1101,WT,23,23,1
1102,WT,25,31,7
1103,WT,25,26,2
1104,WT,25,31,7
1105,WT,25,25,1
1106,WT,25,25,1
1107,WT,27,29,3
1108,WT,27,47,30
1109,WT,27,27,1
1110,WT,28,30,3
1111,WT,28,31,4
1112,WT,28,28,1
1113,WT,28,28,1
1114,WT,28,28,1
1115,WT,28,28,1
1116,WT,29,31,3
1117,WT,30,80,101
1118,WT,30,30,1
1119,WT,30,34,5
1120,WT,31,41,11
1121,WT,31,50,20
1122,WT,31,37,7
1123,WT,32,34,3
1124,WT,32,32,1
1125,WT,32,32,1
1126,WT,33,35,3
1127,WT,33,33,1
1128,WT,34,34,1
1129,WT,34,34,1
1130,WT,34,34,1
1131,WT,34,35,2
1132,WT,35,64,36
1133,WT,35,35,1
1134,WT,36,70,38
1135,WT,37,38,2
1136,WT,37,38,2
1137,WT,37,37,1
1138,WT,39,39,1
1139,WT,39,39,1
1140,WT,39,46,8
1141,WT,40,40,1
1142,WT,40,40,1
1143,WT,41,41,1
1144,WT,41,41,1
1145,WT,41,54,26
1146,WT,42,49,8
1147,WT,43,43,1
1148,WT,44,44,1
1149,WT,44,44,1
1150,WT,44,44,1
1151,WT,44,44,1
1152,WT,45,45,1
1153,WT,45,47,3
1154,WT,45,45,1
1155,WT,46,47,2
1156,WT,46,47,2
1157,WT,47,47,1
1158,WT,47,48,2
1159,WT,47,49,3
1160,WT,48,49,2
1161,WT,48,48,1
1162,WT,49,59,17
1163,WT,49,50,5
1164,WT,50,50,1
1165,WT,50,61,15
1166,WT,50,50,1
1167,WT,51,120,139
1168,WT,51,94,127
1169,WT,52,52,1
1170,WT,52,52,1
1171,WT,53,53,1
1172,WT,53,54,2
1173,WT,55,55,1
1174,WT,55,57,3
1175,WT,55,55,1
1176,WT,56,56,1
1177,WT,56,57,2
1178,WT,56,56,1
1179,WT,57,57,1
1180,WT,57,57,1
1181,WT,58,120,219
1182,WT,58,62,5
1183,WT,58,62,5
1184,WT,59,59,1
1185,WT,59,66,8
1186,WT,60,69,19
1187,WT,63,65,3
1188,WT,63,72,10
1189,WT,63,78,16
1190,WT,63,92,75
1191,WT,64,64,1
1192,WT,64,64,1
1193,WT,64,74,11
1194,WT,64,64,1
1195,WT,65,91,54
1196,WT,66,76,11
1197,WT,67,67,1
1198,WT,68,68,1
1199,WT,70,78,9
1200,WT,71,71,1
1201,WT,71,71,1
1202,WT,72,72,1
1203,WT,72,72,1
1204,WT,74,120,47
1205,WT,74,74,1
1206,WT,76,76,1
1207,WT,76,78,3
1208,WT,76,78,3
1209,WT,76,80,8
1210,WT,76,77,2
1211,WT,77,80,4
1212,WT,77,78,2
1213,WT,77,78,2
1214,WT,78,120,43
1215,WT,78,78,1
1216,WT,78,84,7
1217,WT,82,96,18
1218,WT,83,83,1
1219,WT,83,110,52
1220,WT,83,89,7
1221,WT,84,85,2
1222,WT,85,114,36
1223,WT,86,86,1
1224,WT,86,89,4
1225,WT,86,87,2
1226,WT,88,88,1
1227,WT,88,91,4
1228,WT,88,88,1
1229,WT,89,89,1
1230,WT,89,89,1
1231,WT,90,91,2
1232,WT,91,103,13
1233,WT,92,92,1
1234,WT,92,102,26
1235,WT,93,104,21
1236,WT,93,93,1
1237,WT,93,93,1
1238,WT,94,94,1
1239,WT,94,95,2
1240,WT,94,110,76
1241,WT,95,95,1
1242,WT,95,95,1
1243,WT,95,96,2
1244,WT,95,98,4
1245,WT,96,97,2
1246,WT,96,120,55
1247,WT,97,101,11
1248,WT,97,97,1
1249,WT,98,98,1
1250,WT,99,99,1
1251,WT,99,101,3
1252,WT,101,101,1
1253,WT,102,105,4
1254,WT,102,110,9
1255,WT,102,104,3
1256,WT,103,103,1
1257,WT,103,109,15
1258,WT,104,108,5
1259,WT,104,106,3
1260,WT,105,105,1
1261,WT,106,106,1
1262,WT,106,108,3
1263,WT,106,106,1
1264,WT,107,107,1
1265,WT,108,108,1
1266,WT,108,116,12
1267,WT,109,109,1
1268,WT,110,119,13
1269,WT,110,114,5
1270,WT,110,110,1
1271,WT,111,111,1
1272,WT,111,115,5
1273,WT,111,111,1
1274,WT,112,120,9
1275,WT,112,120,12
1276,WT,112,120,56
1277,WT,112,116,5
1278,WT,113,117,5
1279,WT,114,117,4
1280,WT,114,114,1
1281,WT,114,114,1
1282,WT,114,114,1
1283,WT,114,114,1
1284,WT,115,116,2
1285,WT,116,120,5
1286,WT,116,118,3
1287,WT,116,120,5
1288,WT,116,117,2
1289,WT,116,117,2
1290,WT,117,117,1
1291,WT,119,120,2
1292,WT,119,120,2
1293,WT,119,120,2
1294,WT,119,119,1
1295,WT,119,120,2
1296,WT,0,12,13
1297,WT,0,33,58
1298,WT,0,4,11
1299,WT,0,5,9
1300,WT,0,4,8
1301,WT,0,2,3
1302,WT,0,32,33
1303,WT,0,0,1
1304,WT,0,2,3
1305,WT,0,38,42
1306,WT,0,3,4
1307,WT,0,18,28
1308,WT,0,13,42
1309,WT,0,1,2
1310,WT,0,1,2
1311,WT,0,0,1
1312,WT,0,1,2
1313,WT,0,1,2
1314,WT,0,20,30
1315,WT,0,2,3
1316,WT,1,1,1
1317,WT,1,1,1
1318,WT,1,4,4
1319,WT,1,1,1
1320,WT,2,5,15
1321,WT,2,2,1
1322,WT,2,2,1
1323,WT,2,2,1
1324,WT,3,5,3
1325,WT,3,33,31
1326,WT,3,11,9
1327,WT,3,4,2
1328,WT,3,3,1
1329,WT,3,3,1
1330,WT,3,10,11
1331,WT,4,4,1
1332,WT,4,4,1
1333,WT,4,5,2
1334,WT,5,5,1
1335,WT,5,5,1
1336,WT,5,5,1
1337,WT,6,16,17
1338,WT,6,6,1
1339,WT,6,7,2
1340,WT,6,6,1
1341,WT,6,10,8
1342,WT,7,7,1
1343,WT,7,8,2
1344,WT,7,13,7
1345,WT,7,7,1
1346,WT,7,9,3
1347,WT,8,9,2
1348,WT,8,8,1
1349,WT,9,52,74
1350,WT,9,11,3
1351,WT,9,9,1
1352,WT,9,12,4
1353,WT,9,11,6
1354,WT,10,10,1
1355,WT,10,10,1
1356,WT,11,12,2
1357,WT,11,12,2
1358,WT,12,14,3
1359,WT,12,15,4
1360,WT,12,12,1
1361,WT,12,23,18
1362,WT,13,20,8
1363,WT,13,13,1
1364,WT,13,22,19
1365,WT,14,14,1
1366,WT,14,17,4
1367,WT,14,14,1
1368,WT,15,20,9
1369,WT,15,21,7
1370,WT,15,15,1
1371,WT,16,16,1
1372,WT,16,16,1
1373,WT,16,18,3
1374,WT,17,17,1
1375,WT,17,21,5
1376,WT,18,40,53
1377,WT,18,18,1
1378,WT,18,21,7
1379,WT,19,19,1
1380,WT,19,19,1
1381,WT,20,27,8
1382,WT,20,20,1
1383,WT,20,24,13
1384,WT,21,22,2
1385,WT,22,22,1
1386,WT,22,22,1
1387,WT,22,33,12
1388,WT,22,22,1
1389,WT,23,44,28
1390,WT,23,23,1
1391,WT,24,30,7
1392,WT,24,24,1
1393,WT,24,25,2
1394,WT,25,32,20
1395,WT,25,26,2
1396,WT,25,51,41
1397,WT,25,26,2
1398,WT,26,26,1
1399,WT,26,26,1
1400,WT,26,26,1
1401,WT,26,27,2
1402,WT,26,29,4
1403,WT,26,26,1
1404,WT,27,27,1
1405,WT,28,32,8
1406,WT,28,36,15
1407,WT,28,28,1
1408,WT,29,29,1
1409,WT,29,30,2
1410,WT,29,41,13
1411,WT,29,31,3
1412,WT,30,30,1
1413,WT,30,30,1
1414,WT,31,33,3
1415,WT,31,32,2
1416,WT,31,31,1
1417,WT,31,31,1
1418,WT,31,32,2
1419,WT,32,32,1
1420,WT,32,34,3
1421,WT,33,36,4
1422,WT,33,43,11
1423,WT,33,34,2
1424,WT,34,35,2
1425,WT,34,35,2
1426,WT,35,38,4
1427,WT,35,35,1
1428,WT,36,37,2
1429,WT,36,36,1
1430,WT,37,38,2
1431,WT,37,37,1
1432,WT,37,37,1
1433,WT,37,37,1
1434,WT,38,39,2
1435,WT,38,41,4
1436,WT,38,38,1
1437,WT,39,40,2
1438,WT,39,40,2
1439,WT,39,40,2
1440,WT,40,68,29
1441,WT,40,40,1
1442,WT,40,40,1
1443,WT,40,41,2
1444,WT,40,41,2
1445,WT,40,41,2
1446,WT,41,41,1
1447,WT,42,42,1
1448,WT,42,68,56
1449,WT,42,42,1
1450,WT,42,43,2
1451,WT,42,43,2
1452,WT,42,43,2
1453,WT,43,43,1
1454,WT,44,45,2
1455,WT,44,46,6
1456,WT,44,44,1
1457,WT,45,53,9
1458,WT,45,45,1
1459,WT,46,46,1
1460,WT,46,46,1
1461,WT,46,71,26
1462,WT,46,47,2
1463,WT,47,48,2
1464,WT,47,47,1
1465,WT,48,49,2
1466,WT,48,48,1
1467,WT,48,48,1
1468,WT,48,55,8
1469,WT,48,48,1
1470,WT,49,74,35
1471,WT,50,57,8
1472,WT,50,50,1
1473,WT,51,53,3
1474,WT,51,51,1
1475,WT,51,51,1
1476,WT,51,52,2
1477,WT,52,55,4
1478,WT,52,52,1
1479,WT,52,53,2
1480,WT,53,53,1
1481,WT,53,56,4
1482,WT,53,53,1
1483,WT,54,54,1
1484,WT,54,54,1
1485,WT,55,66,12
1486,WT,55,64,13
1487,WT,55,55,1
1488,WT,55,58,4
1489,WT,55,55,1
1490,WT,55,55,1
1491,WT,56,57,2
1492,WT,56,59,4
1493,WT,57,61,14
1494,WT,57,57,1
1495,WT,58,77,47
1496,WT,58,79,22
1497,WT,58,59,2
1498,WT,59,66,8
1499,WT,59,59,1
1500,WT,59,59,1
1501,WT,59,79,39
1502,WT,60,60,1
1503,WT,60,60,1
1504,WT,60,60,1
1505,WT,60,60,1
1506,WT,60,60,1
1507,WT,60,60,1
1508,WT,60,61,2
1509,WT,61,61,1
1510,WT,61,61,1
1511,WT,62,63,2
1512,WT,62,62,1
1513,WT,62,70,9
1514,WT,63,64,2
1515,WT,63,68,9
1516,WT,64,70,7
1517,WT,64,66,3
1518,WT,64,64,1
1519,WT,65,67,3
1520,WT,65,65,1
1521,WT,65,78,14
1522,WT,65,65,1
1523,WT,65,65,1
1524,WT,65,65,1
1525,WT,66,66,1
1526,WT,66,66,1
1527,WT,67,71,5
1528,WT,67,69,3
1529,WT,68,68,1
1530,WT,68,68,1
1531,WT,68,68,1
1532,WT,68,79,15
1533,WT,69,69,1
1534,WT,69,69,1
1535,WT,69,75,7
1536,WT,69,70,2
1537,WT,69,69,1
1538,WT,69,69,1
1539,WT,69,70,2
1540,WT,70,79,25
1541,WT,70,74,5
1542,WT,70,71,5
1543,WT,70,71,2
1544,WT,70,70,1
1545,WT,70,70,1
1546,WT,70,70,1
1547,WT,70,70,1
1548,WT,71,71,1
1549,WT,71,71,1
1550,WT,71,71,1
1551,WT,71,71,1
1552,WT,72,77,12
1553,WT,72,79,33
1554,WT,72,76,5
1555,WT,72,72,1
1556,WT,72,72,1
1557,WT,72,74,3
1558,WT,72,74,3
1559,WT,72,72,1
1560,WT,72,72,1
1561,WT,72,76,5
1562,WT,72,75,4
1563,WT,73,73,1
1564,WT,73,79,7
1565,WT,73,79,7
1566,WT,74,75,2
1567,WT,74,74,1
1568,WT,74,74,1
1569,WT,74,74,1
1570,WT,74,75,2
1571,WT,75,79,5
1572,WT,75,77,3
1573,WT,75,75,1
1574,WT,76,79,10
1575,WT,77,79,3
1576,WT,77,77,1
1577,WT,78,78,1
1578,WT,78,78,1
1579,WT,78,79,2
1580,WT,78,78,1
1581,WT,78,78,1
1582,WT,78,78,1
1583,WT,79,79,1
1584,WT,79,79,1
1585,WT,79,79,1
1586,WT,79,79,1
1587,WT,79,79,1
1588,WT,0,0,1
1589,WT,0,2,3
1590,WT,0,1,2
1591,WT,0,2,3
1592,WT,0,27,28
1593,WT,0,32,91
1594,WT,0,34,71
1595,WT,0,0,1
1596,WT,0,64,237
1597,WT,0,0,1
1598,WT,0,3,4
1599,WT,0,0,1
1600,WT,0,31,260
1601,WT,0,3,4
1602,WT,0,26,30
1603,WT,0,0,1
1604,WT,0,4,5
1605,WT,1,37,99
1606,WT,1,1,1
1607,WT,1,47,109
1608,WT,2,23,45
1609,WT,2,2,1
1610,WT,2,2,1
1611,WT,3,3,1
1612,WT,3,23,33
1613,WT,3,3,1
1614,WT,4,10,7
1615,WT,4,4,1
1616,WT,4,4,1
1617,WT,5,5,1
1618,WT,5,5,1
1619,WT,5,5,1
1620,WT,6,6,1
1621,WT,6,7,2
1622,WT,6,11,6
1623,WT,6,9,4
1624,WT,6,6,1
1625,WT,6,7,2
1626,WT,7,8,2
1627,WT,7,7,1
1628,WT,8,8,1
1629,WT,8,20,40
1630,WT,8,8,1
1631,WT,8,8,1
1632,WT,8,8,1
1633,WT,9,9,1
1634,WT,9,51,126
1635,WT,9,24,16
1636,WT,10,23,14
1637,WT,10,15,9
1638,WT,11,11,1
1639,WT,11,11,1
1640,WT,12,13,2
1641,WT,12,12,1
1642,WT,12,12,1
1643,WT,13,15,3
1644,WT,13,13,1
1645,WT,15,20,9
1646,WT,17,29,13
1647,WT,17,34,24
1648,WT,18,18,1
1649,WT,18,18,1
1650,WT,19,19,1
1651,WT,19,46,85
1652,WT,19,19,1
1653,WT,19,19,1
1654,WT,20,25,6
1655,WT,21,21,1
1656,WT,21,23,3
1657,WT,23,23,1
1658,WT,23,25,3
1659,WT,23,23,1
1660,WT,24,24,1
1661,WT,24,24,1
1662,WT,24,26,3
1663,WT,24,34,23
1664,WT,25,29,8
1665,WT,26,26,1
1666,WT,26,26,1
1667,WT,26,26,1
1668,WT,26,30,8
1669,WT,27,46,23
1670,WT,27,27,1
1671,WT,28,37,10
1672,WT,28,43,16
1673,WT,28,28,1
1674,WT,29,29,1
1675,WT,29,30,2
1676,WT,29,36,11
1677,WT,29,30,2
1678,WT,30,34,5
1679,WT,31,31,1
1680,WT,31,33,6
1681,WT,32,41,10
1682,WT,32,36,5
1683,WT,32,32,1
1684,WT,32,39,8
1685,WT,33,36,4
1686,WT,33,37,5
1687,WT,33,64,116
1688,WT,33,33,1
1689,WT,33,36,4
1690,WT,33,33,1
1691,WT,33,33,1
1692,WT,34,34,1
1693,WT,34,34,1
1694,WT,34,35,2
1695,WT,34,34,1
1696,WT,35,35,1
1697,WT,35,36,2
1698,WT,35,38,4
1699,WT,36,37,2
1700,WT,36,43,8
1701,WT,36,36,1
1702,WT,36,36,1
1703,WT,37,37,1
1704,WT,37,45,21
1705,WT,38,38,1
1706,WT,38,38,1
1707,WT,38,38,1
1708,WT,38,42,5
1709,WT,39,39,1
1710,WT,39,39,1
1711,WT,39,51,25
1712,WT,39,41,3
1713,WT,39,40,2
1714,WT,40,41,2
1715,WT,40,41,2
1716,WT,40,40,1
1717,WT,40,41,2
1718,WT,41,41,1
1719,WT,41,48,14
1720,WT,41,64,30
1721,WT,41,41,1
1722,WT,41,42,2
1723,WT,41,41,1
1724,WT,42,42,1
1725,WT,42,43,2
1726,WT,43,47,5
1727,WT,43,64,34
1728,WT,43,45,6
1729,WT,43,45,3
1730,WT,44,44,1
1731,WT,44,44,1
1732,WT,44,46,6
1733,WT,44,45,2
1734,WT,44,45,2
1735,WT,44,44,1
1736,WT,45,45,1
1737,WT,45,56,15
1738,WT,45,56,49
1739,WT,45,45,1
1740,WT,45,45,1
1741,WT,45,45,1
1742,WT,45,45,1
1743,WT,45,45,1
1744,WT,46,52,7
1745,WT,46,50,5
1746,WT,47,47,1
1747,WT,47,47,1
1748,WT,47,48,2
1749,WT,47,48,5
1750,WT,47,49,3
1751,WT,47,48,2
1752,WT,47,50,7
1753,WT,47,47,1
1754,WT,48,53,6
1755,WT,48,49,2
1756,WT,49,51,3
1757,WT,49,49,1
1758,WT,49,55,10
1759,WT,49,49,1
1760,WT,50,50,1
1761,WT,50,51,2
1762,WT,50,51,2
1763,WT,50,50,1
1764,WT,50,64,18
1765,WT,50,51,2
1766,WT,51,51,1
1767,WT,51,51,1
1768,WT,51,51,1
1769,WT,51,51,1
1770,WT,51,52,2
1771,WT,51,52,2
1772,WT,52,52,1
1773,WT,52,53,2
1774,WT,52,52,1
1775,WT,53,53,1
1776,WT,53,57,5
1777,WT,53,55,3
1778,WT,53,64,55
1779,WT,53,55,3
1780,WT,53,53,1
1781,WT,53,54,2
1782,WT,53,56,7
1783,WT,53,53,1
1784,WT,54,54,1
1785,WT,54,54,1
1786,WT,54,54,1
1787,WT,54,59,9
1788,WT,55,56,2
1789,WT,55,56,2
1790,WT,55,55,1
1791,WT,55,55,1
1792,WT,55,57,6
1793,WT,56,57,2
1794,WT,56,56,1
1795,WT,56,57,2
1796,WT,56,60,8
1797,WT,56,56,1
1798,WT,56,56,1
1799,WT,56,56,1
1800,WT,56,57,2
1801,WT,57,57,1
1802,WT,57,57,1
1803,WT,57,57,1
1804,WT,57,57,1
1805,WT,57,57,1
1806,WT,58,61,4
1807,WT,58,64,7
1808,WT,58,58,1
1809,WT,59,59,1
1810,WT,59,59,1
1811,WT,59,64,6
1812,WT,59,59,1
1813,WT,59,59,1
1814,WT,59,62,4
1815,WT,59,59,1
1816,WT,60,60,1
1817,WT,61,61,1
1818,WT,61,64,4
1819,WT,61,62,2
1820,WT,61,63,6
1821,WT,61,61,1
1822,WT,61,62,5
1823,WT,62,62,1
1824,WT,62,62,1
1825,WT,62,62,1
1826,WT,62,62,1
1827,WT,62,64,3
1828,WT,63,64,2
1829,WT,63,64,2
1830,WT,63,64,2
1831,WT,63,64,2
1832,WT,63,63,1
1833,WT,64,64,1
1834,WT,64,64,1
1835,WT,64,64,1
1836,WT,64,64,1
1837,WT,0,6,4
1838,WT,0,10,6
1839,WT,0,10,6
1840,WT,0,8,5
1841,WT,0,2,2
1842,WT,0,0,1
1843,WT,0,6,4
1844,WT,0,22,12
1845,WT,0,6,4
1846,WT,0,8,11
1847,WT,0,48,55
1848,WT,0,4,6
1849,WT,0,14,31
1850,WT,0,8,5
1851,WT,0,12,26
1852,WT,0,52,107
1853,WT,0,22,15
1854,WT,0,101,108
1855,WT,0,2,2
1856,WT,0,10,6
1857,WT,0,101,115
1858,WT,0,18,25
1859,WT,2,2,1
1860,WT,2,2,1
1861,WT,4,50,53
1862,WT,4,6,2
1863,WT,4,4,1
1864,WT,4,4,1
1865,WT,6,6,1
1866,WT,8,12,6
1867,WT,8,10,2
1868,WT,10,14,3
1869,WT,10,10,1
1870,WT,10,16,4
1871,WT,10,14,3
1872,WT,10,10,1
1873,WT,12,12,1
1874,WT,12,14,2
1875,WT,12,12,1
1876,WT,12,16,3
1877,WT,14,28,8
1878,WT,14,18,3
1879,WT,14,14,1
1880,WT,14,14,1
1881,WT,16,20,3
1882,WT,16,16,1
1883,WT,16,18,2
1884,WT,16,22,4
1885,WT,18,20,2
1886,WT,18,22,3
1887,WT,18,38,11
1888,WT,18,18,1
1889,WT,18,18,1
1890,WT,20,30,6
1891,WT,20,20,1
1892,WT,20,20,1
1893,WT,20,20,1
1894,WT,22,22,1
1895,WT,22,24,2
1896,WT,22,34,10
1897,WT,24,24,1
1898,WT,24,44,20
1899,WT,24,24,1
1900,WT,24,24,1
1901,WT,24,26,2
1902,WT,24,24,1
1903,WT,24,26,2
1904,WT,24,28,3
1905,WT,26,26,1
1906,WT,26,28,2
1907,WT,26,56,16
1908,WT,26,26,1
1909,WT,26,26,1
1910,WT,28,28,1
1911,WT,28,28,1
1912,WT,28,28,1
1913,WT,28,52,19
1914,WT,28,30,2
1915,WT,28,44,12
1916,WT,30,30,1
1917,WT,30,30,1
1918,WT,30,32,2
1919,WT,30,34,6
1920,WT,30,64,63
1921,WT,32,38,7
1922,WT,32,42,6
1923,WT,32,32,1
1924,WT,32,32,1
1925,WT,32,46,22
1926,WT,34,48,23
1927,WT,34,34,1
1928,WT,36,38,2
1929,WT,36,42,4
1930,WT,38,50,7
1931,WT,40,40,1
1932,WT,40,101,223
1933,WT,40,64,73
1934,WT,40,40,1
1935,WT,42,50,5
1936,WT,44,54,6
1937,WT,44,46,5
1938,WT,46,93,24
1939,WT,46,46,1
1940,WT,46,54,11
1941,WT,46,46,1
1942,WT,48,48,1
1943,WT,48,48,1
1944,WT,48,48,1
1945,WT,48,48,1
1946,WT,48,48,1
1947,WT,50,52,2
1948,WT,50,52,2
1949,WT,52,56,3
1950,WT,52,60,5
1951,WT,52,101,34
1952,WT,52,60,5
1953,WT,52,52,1
1954,WT,52,58,4
1955,WT,52,58,4
1956,WT,54,56,2
1957,WT,54,60,4
1958,WT,54,56,2
1959,WT,54,74,11
1960,WT,56,70,11
1961,WT,58,58,1
1962,WT,58,58,1
1963,WT,58,76,10
1964,WT,58,60,2
1965,WT,58,84,71
1966,WT,58,58,1
1967,WT,60,66,4
1968,WT,60,74,8
1969,WT,60,62,2
1970,WT,60,74,8
1971,WT,62,62,1
1972,WT,62,72,6
1973,WT,62,62,1
1974,WT,64,64,1
1975,WT,64,68,3
1976,WT,66,66,1
1977,WT,66,68,2
1978,WT,68,68,1
1979,WT,68,72,6
1980,WT,68,101,17
1981,WT,68,101,29
1982,WT,68,89,20
1983,WT,68,68,1
1984,WT,70,70,1
1985,WT,70,74,3
1986,WT,70,72,2
1987,WT,72,72,1
1988,WT,72,82,6
1989,WT,72,72,1
1990,WT,72,74,2
1991,WT,74,76,2
1992,WT,74,74,1
1993,WT,76,76,1
1994,WT,76,76,1
1995,WT,76,78,2
1996,WT,76,80,3
1997,WT,76,101,22
1998,WT,78,80,2
1999,WT,78,78,1
2000,WT,78,101,24
2001,WT,78,85,5
2002,WT,78,78,1
2003,WT,80,89,5
2004,WT,82,85,9
2005,WT,82,101,13
2006,WT,82,85,3
2007,WT,82,85,3
2008,WT,82,82,1
2009,WT,82,85,9
2010,WT,84,84,1
2011,WT,85,85,1
2012,WT,85,85,1
2013,WT,85,85,1
2014,WT,89,89,1
2015,WT,91,93,2
2016,WT,91,93,2
2017,WT,91,93,2
2018,WT,91,91,1
2019,WT,93,95,2
2020,WT,93,97,3
2021,WT,93,93,1
2022,WT,95,97,2
2023,WT,97,97,1
2024,WT,97,99,2
2025,WT,97,97,1
2026,WT,97,99,2
2027,WT,97,101,3
2028,WT,97,101,3
2029,WT,99,99,1
2030,WT,99,101,2
2031,WT,99,99,1
2032,WT,101,101,1
2033,WT,101,101,1
2034,WT,101,101,1
2035,WT,101,101,1
2036,WT,101,101,1
2037,WT,102,102,1
2038,WT,102,102,1
2039,WT,102,102,1
2040,WT,102,102,1
2041,WT,102,102,1
2042,WT,103,105,2
2043,WT,103,107,3
2044,WT,103,126,13
2045,WT,103,107,3
2046,WT,103,103,1
2047,WT,103,116,8
2048,WT,103,116,14
2049,WT,103,111,8
2050,WT,103,126,25
2051,WT,103,111,14
2052,WT,103,107,3
2053,WT,103,126,35
2054,WT,103,126,25
2055,WT,103,111,5
2056,WT,103,120,16
2057,WT,103,126,39
2058,WT,103,115,7
2059,WT,103,113,6
2060,WT,103,126,13
2061,WT,103,105,2
2062,WT,103,103,1
2063,WT,103,103,1
2064,WT,103,103,1
2065,WT,105,105,1
2066,WT,105,120,9
2067,WT,105,109,3
2068,WT,107,107,1
2069,WT,107,109,2
2070,WT,107,107,1
2071,WT,109,115,4
2072,WT,109,122,8
2073,WT,109,109,1
2074,WT,109,109,1
2075,WT,111,111,1
2076,WT,111,111,1
2077,WT,111,113,2
2078,WT,113,116,3
2079,WT,113,116,3
2080,WT,113,126,11
2081,WT,113,115,2
2082,WT,113,113,1
2083,WT,113,122,15
2084,WT,115,116,2
2085,WT,115,120,4
2086,WT,115,115,1
2087,WT,116,126,9
2088,WT,116,116,1
2089,WT,118,126,5
2090,WT,118,118,1
2091,WT,118,120,2
2092,WT,118,126,5
2093,WT,118,126,11
2094,WT,120,120,1
2095,WT,120,120,1
2096,WT,120,120,1
2097,WT,120,120,1
2098,WT,122,124,2
2099,WT,122,124,2
2100,WT,122,122,1
2101,WT,122,122,1
2102,WT,122,122,1
2103,WT,124,124,1
2104,WT,124,124,1
2105,WT,124,126,2
2106,WT,124,124,1
2107,WT,124,126,2
2108,WT,124,126,2
2109,WT,126,126,1
2110,WT,126,126,1
2111,WT,126,126,1
2112,WT,126,126,1
2113,WT,126,126,1
2114,WT,126,126,1
2115,WT,126,126,1
2116,WT,126,126,1
2117,WT,0,0,1
2118,WT,0,2,2
2119,WT,0,0,1
2120,WT,0,10,30
2121,WT,0,0,1
2122,WT,0,4,3
2123,WT,0,44,58
2124,WT,0,44,163
2125,WT,0,0,1
2126,WT,0,0,1
2127,WT,0,79,49
2128,WT,0,0,1
2129,WT,0,14,8
2130,WT,0,6,4
2131,WT,0,124,224
2132,WT,0,12,7
2133,WT,0,100,242
2134,WT,0,4,3
2135,WT,0,16,21
2136,WT,0,2,2
2137,WT,0,38,84
2138,WT,0,2,2
2139,WT,0,22,12
2140,WT,0,8,5
2141,WT,0,0,1
2142,WT,0,124,280
2143,WT,0,2,2
2144,WT,0,124,190
2145,WT,2,32,36
2146,WT,2,4,2
2147,WT,4,14,6
2148,WT,4,4,1
2149,WT,4,4,1
2150,WT,4,4,1
2151,WT,6,6,1
2152,WT,6,12,7
2153,WT,8,16,5
2154,WT,8,24,9
2155,WT,8,124,196
2156,WT,10,12,2
2157,WT,10,22,7
2158,WT,10,10,1
2159,WT,10,12,2
2160,WT,10,124,109
2161,WT,16,22,4
2162,WT,16,16,1
2163,WT,16,18,2
2164,WT,16,20,3
2165,WT,18,18,1
2166,WT,18,18,1
2167,WT,18,24,4
2168,WT,18,24,4
2169,WT,18,18,1
2170,WT,20,20,1
2171,WT,20,20,1
2172,WT,22,22,1
2173,WT,22,22,1
2174,WT,24,57,41
2175,WT,24,24,1
2176,WT,24,24,1
2177,WT,24,69,80
2178,WT,24,28,3
2179,WT,24,24,1
2180,WT,26,30,3
2181,WT,26,32,4
2182,WT,28,30,2
2183,WT,28,30,2
2184,WT,30,38,5
2185,WT,32,34,2
2186,WT,32,36,3
2187,WT,32,34,2
2188,WT,34,44,9
2189,WT,34,34,1
2190,WT,34,36,2
2191,WT,34,36,2
2192,WT,34,38,3
2193,WT,36,54,10
2194,WT,38,46,5
2195,WT,38,75,63
2196,WT,40,40,1
2197,WT,40,124,63
2198,WT,40,96,46
2199,WT,40,46,4
2200,WT,42,48,4
2201,WT,42,46,3
2202,WT,44,44,1
2203,WT,44,44,1
2204,WT,46,61,11
2205,WT,46,59,7
2206,WT,46,54,5
2207,WT,48,48,1
2208,WT,48,48,1
2209,WT,48,48,1
2210,WT,48,52,3
2211,WT,48,48,1
2212,WT,50,65,14
2213,WT,50,52,2
2214,WT,50,50,1
2215,WT,52,54,2
2216,WT,52,65,7
2217,WT,52,75,12
2218,WT,54,59,3
2219,WT,54,54,1
2220,WT,54,71,24
2221,WT,54,54,1
2222,WT,57,100,58
2223,WT,57,94,43
2224,WT,59,61,2
2225,WT,59,61,2
2226,WT,61,63,2
2227,WT,61,63,2
2228,WT,61,63,2
2229,WT,61,61,1
2230,WT,63,63,1
2231,WT,65,65,1
2232,WT,67,79,7
2233,WT,67,67,1
2234,WT,67,69,2
2235,WT,69,69,1
2236,WT,69,73,3
2237,WT,69,71,2
2238,WT,69,69,1
2239,WT,71,96,13
2240,WT,71,75,9
2241,WT,73,86,7
2242,WT,73,75,2
2243,WT,73,73,1
2244,WT,75,90,37
2245,WT,75,75,1
2246,WT,75,81,4
2247,WT,79,79,1
2248,WT,79,124,157
2249,WT,79,88,5
2250,WT,79,81,2
2251,WT,84,96,13
2252,WT,84,84,1
2253,WT,84,84,1
2254,WT,84,84,1
2255,WT,86,86,1
2256,WT,86,86,1
2257,WT,86,98,8
2258,WT,90,94,3
2259,WT,92,92,1
2260,WT,92,100,6
2261,WT,92,96,3
2262,WT,92,124,43
2263,WT,92,124,21
2264,WT,92,92,1
2265,WT,94,96,2
2266,WT,94,114,35
2267,WT,94,124,91
2268,WT,94,96,2
2269,WT,96,98,6
2270,WT,96,100,12
2271,WT,96,97,2
2272,WT,97,97,1
2273,WT,97,97,1
2274,WT,97,98,2
2275,WT,98,124,17
2276,WT,98,124,14
2277,WT,98,100,2
2278,WT,98,100,2
2279,WT,98,104,7
2280,WT,98,100,2
2281,WT,98,124,23
2282,WT,100,102,2
2283,WT,100,104,3
2284,WT,102,102,1
2285,WT,102,108,4
2286,WT,102,102,1
2287,WT,102,116,8
2288,WT,104,114,9
2289,WT,104,124,11
2290,WT,104,104,1
2291,WT,104,112,8
2292,WT,106,106,1
2293,WT,106,112,4
2294,WT,106,106,1
2295,WT,106,110,3
2296,WT,108,110,2
2297,WT,108,108,1
2298,WT,108,108,1
2299,WT,110,112,2
2300,WT,112,112,1
2301,WT,114,122,8
2302,WT,114,114,1
2303,WT,114,114,1
2304,WT,116,116,1
2305,WT,116,118,2
2306,WT,116,116,1
2307,WT,116,124,8
2308,WT,116,116,1
2309,WT,116,116,1
2310,WT,118,124,15
2311,WT,118,118,1
2312,WT,118,120,2
2313,WT,118,118,1
2314,WT,118,120,2
2315,WT,120,124,3
2316,WT,120,120,1
2317,WT,122,122,1
2318,WT,124,124,1
2319,WT,124,124,1
2320,WT,0,0,1
2321,WT,0,0,1
2322,WT,0,0,1
2323,WT,0,0,1
2324,WT,0,0,1
2325,WT,0,0,1
2326,WT,0,0,1
2327,WT,0,0,1
2328,WT,0,0,1
2329,WT,0,0,1
2330,WT,0,0,1
2331,WT,0,0,1
2332,WT,0,0,1
2333,WT,0,0,1
2334,WT,0,0,1
2335,WT,0,0,1
2336,WT,0,0,1
2337,WT,0,0,1
2338,WT,0,54,130
2339,WT,0,0,1
2340,WT,0,0,1
2341,WT,0,0,1
2342,WT,0,0,1
2343,WT,0,0,1
2344,WT,0,0,1
2345,WT,0,0,1
2346,WT,0,0,1
2347,WT,0,0,1
2348,WT,0,0,1
2349,WT,0,0,1
2350,WT,0,0,1
2351,WT,0,0,1
2352,WT,0,0,1
2353,WT,0,0,1
2354,WT,0,0,1
2355,WT,0,0,1
2356,WT,0,0,1
2357,WT,0,0,1
2358,WT,0,0,1
2359,WT,0,0,1
2360,WT,0,0,1
2361,WT,0,0,1
2362,WT,0,0,1
2363,WT,2,2,1
2364,WT,2,12,6
2365,WT,2,8,4
2366,WT,2,26,41
2367,WT,2,4,2
2368,WT,2,6,3
2369,WT,2,4,2
2370,WT,2,2,1
2371,WT,2,20,19
2372,WT,2,4,5
2373,WT,2,2,1
2374,WT,2,6,3
2375,WT,2,2,1
2376,WT,2,2,1
2377,WT,2,42,42
2378,WT,2,4,2
2379,WT,2,54,88
2380,WT,2,10,13
2381,WT,2,18,18
2382,WT,2,14,7
2383,WT,2,10,11
2384,WT,2,26,13
2385,WT,2,52,52
2386,WT,2,46,147
2387,WT,2,6,3
2388,WT,2,2,1
2389,WT,2,54,185
2390,WT,2,54,30
2391,WT,2,54,30
2392,WT,2,6,3
2393,WT,2,22,14
2394,WT,2,10,8
2395,WT,2,10,5
2396,WT,2,2,1
2397,WT,2,54,185
2398,WT,2,22,35
2399,WT,4,4,1
2400,WT,6,6,1
2401,WT,6,28,12
2402,WT,6,24,25
2403,WT,6,14,5
2404,WT,6,6,1
2405,WT,8,8,1
2406,WT,8,8,1
2407,WT,8,52,23
2408,WT,8,8,1
2409,WT,8,8,1
2410,WT,10,10,1
2411,WT,10,14,3
2412,WT,12,16,3
2413,WT,12,28,9
2414,WT,12,12,1
2415,WT,12,12,1
2416,WT,12,36,22
2417,WT,12,14,2
2418,WT,12,12,1
2419,WT,14,14,1
2420,WT,14,14,1
2421,WT,14,16,2
2422,WT,16,16,1
2423,WT,18,18,1
2424,WT,18,22,3
2425,WT,18,18,1
2426,WT,20,40,23
2427,WT,20,40,47
2428,WT,20,52,94
2429,WT,20,20,1
2430,WT,20,20,1
2431,WT,20,20,1
2432,WT,22,22,1
2433,WT,24,30,7
2434,WT,24,24,1
2435,WT,24,54,22
2436,WT,24,24,1
2437,WT,24,38,14
2438,WT,24,44,11
2439,WT,26,55,58
2440,WT,26,26,1
2441,WT,26,30,3
2442,WT,26,26,1
2443,WT,26,30,3
2444,WT,26,26,1
2445,WT,26,48,35
2446,WT,26,30,3
2447,WT,28,32,3
2448,WT,28,28,1
2449,WT,30,54,16
2450,WT,30,34,3
2451,WT,30,46,12
2452,WT,30,34,3
2453,WT,32,32,1
2454,WT,32,34,2
2455,WT,32,54,27
2456,WT,34,40,4
2457,WT,34,54,23
2458,WT,40,44,6
2459,WT,40,46,10
2460,WT,40,40,1
2461,WT,42,42,1
2462,WT,42,42,1
2463,WT,42,54,13
2464,WT,42,54,16
2465,WT,44,46,2
2466,WT,44,44,1
2467,WT,44,46,2
2468,WT,44,48,3
2469,WT,46,54,19
2470,WT,48,54,10
2471,WT,48,52,3
2472,WT,48,48,1
2473,WT,48,50,2
2474,WT,48,54,4
2475,WT,50,54,3
2476,WT,50,50,1
2477,WT,52,54,2
2478,WT,52,54,2
2479,WT,52,54,2
2480,WT,52,54,2
2481,WT,52,54,2
2482,WT,52,52,1
2483,WT,54,54,1
2484,WT,54,54,1
2485,WT,54,54,1
2486,WT,56,58,2
2487,WT,56,86,28
2488,WT,56,56,1
2489,WT,56,66,6
2490,WT,56,56,1
2491,WT,56,106,29
2492,WT,56,60,6
2493,WT,56,64,5
2494,WT,56,56,1
2495,WT,56,56,1
2496,WT,56,78,26
2497,WT,56,62,4
2498,WT,56,126,91
2499,WT,56,126,45
2500,WT,56,56,1
2501,WT,56,58,2
2502,WT,56,74,10
2503,WT,56,78,83
2504,WT,56,60,3
2505,WT,56,62,4
2506,WT,56,86,25
2507,WT,56,126,39
2508,WT,56,58,2
2509,WT,56,74,10
2510,WT,56,126,125
2511,WT,56,66,6
2512,WT,56,94,23
2513,WT,56,88,17
2514,WT,56,126,36
2515,WT,56,56,1
2516,WT,56,72,12
2517,WT,56,88,46
2518,WT,56,56,1
2519,WT,56,126,102
2520,WT,56,64,8
2521,WT,56,126,191
2522,WT,56,58,2
2523,WT,58,60,2
2524,WT,60,68,5
2525,WT,60,80,42
2526,WT,60,76,18
2527,WT,60,60,1
2528,WT,62,80,10
2529,WT,62,64,2
2530,WT,62,62,1
2531,WT,62,64,2
2532,WT,62,62,1
2533,WT,62,64,2
2534,WT,64,68,3
2535,WT,64,64,1
2536,WT,66,66,1
2537,WT,66,66,1
2538,WT,66,66,1
2539,WT,68,84,9
2540,WT,68,68,1
2541,WT,68,68,1
2542,WT,68,80,22
2543,WT,68,70,2
2544,WT,72,72,1
2545,WT,72,92,11
2546,WT,74,98,13
2547,WT,74,74,1
2548,WT,76,78,2
2549,WT,78,82,3
2550,WT,78,84,4
2551,WT,78,124,39
2552,WT,80,92,24
2553,WT,80,80,1
2554,WT,82,94,7
2555,WT,82,102,23
2556,WT,82,90,5
2557,WT,82,106,19
2558,WT,84,84,1
2559,WT,84,84,1
2560,WT,86,86,1
2561,WT,86,86,1
2562,WT,88,126,20
2563,WT,88,104,12
2564,WT,88,90,2
2565,WT,90,102,7
2566,WT,90,90,1
2567,WT,90,92,2
2568,WT,92,92,1
2569,WT,92,92,1
2570,WT,92,106,8
2571,WT,92,96,3
2572,WT,92,94,2
2573,WT,92,126,66
2574,WT,94,96,2
2575,WT,94,94,1
2576,WT,96,102,4
2577,WT,96,96,1
2578,WT,96,100,3
2579,WT,96,114,13
2580,WT,96,98,2
2581,WT,98,98,1
2582,WT,98,98,1
2583,WT,98,98,1
2584,WT,98,102,3
2585,WT,98,98,1
2586,WT,100,100,1
2587,WT,100,110,6
2588,WT,100,100,1
2589,WT,100,100,1
2590,WT,102,126,13
2591,WT,102,106,3
2592,WT,102,106,3
2593,WT,102,104,2
2594,WT,104,108,3
2595,WT,104,108,3
2596,WT,104,110,4
2597,WT,104,126,12
2598,WT,104,104,1
2599,WT,106,126,11
2600,WT,106,126,11
2601,WT,106,106,1
2602,WT,106,108,2
2603,WT,106,108,2
2604,WT,108,110,2
2605,WT,108,118,6
2606,WT,108,112,3
2607,WT,110,110,1
2608,WT,110,126,15
2609,WT,112,126,8
2610,WT,112,112,1
2611,WT,114,120,7
2612,WT,114,114,1
2613,WT,114,114,1
2614,WT,114,118,3
2615,WT,116,116,1
2616,WT,116,118,2
2617,WT,116,122,10
2618,WT,118,118,1
2619,WT,118,126,5
2620,WT,120,126,10
2621,WT,120,120,1
2622,WT,122,126,3
2623,WT,122,122,1
2624,WT,122,122,1
2625,WT,122,126,3
2626,WT,122,122,1
2627,WT,122,124,2
2628,WT,124,124,1
2629,WT,126,126,1
2630,WT,126,126,1
2631,WT,126,126,1
2632,WT,126,126,1
2633,WT,126,126,1
2634,WT,127,127,1
2635,WT,128,128,1
2636,WT,128,128,1
2637,WT,128,128,1
2638,WT,128,128,1
2639,WT,128,128,1
2640,WT,128,128,1
2641,WT,128,128,1
2642,WT,128,128,1
2643,WT,128,128,1
2644,WT,128,128,1
2645,WT,128,128,1
2646,WT,128,128,1
2647,WT,128,128,1
2648,WT,128,128,1
2649,WT,128,128,1
2650,WT,128,128,1
2651,WT,128,128,1
2652,WT,128,128,1
2653,WT,128,128,1
2654,WT,128,128,1
2655,WT,128,128,1
2656,WT,128,128,1
2657,WT,128,128,1
2658,WT,128,128,1
2659,WT,128,128,1
2660,WT,128,128,1
2661,WT,128,128,1
2662,WT,128,128,1
2663,WT,128,128,1
2664,WT,0,3,7
2665,WT,0,45,204
2666,WT,0,0,1
2667,WT,0,0,1
2668,WT,0,15,16
2669,WT,0,14,15
2670,WT,0,0,1
2671,WT,0,0,1
2672,WT,0,11,12
2673,WT,0,0,1
2674,WT,0,3,4
2675,WT,0,0,1
2676,WT,0,10,11
2677,WT,0,1,2
2678,WT,0,0,1
2679,WT,0,2,3
2680,WT,0,26,61
2681,WT,0,6,16
2682,WT,0,2,6
2683,WT,0,4,14
2684,WT,0,0,1
2685,WT,1,14,14
2686,WT,1,1,1
2687,WT,1,13,39
2688,WT,1,2,2
2689,WT,1,4,4
2690,WT,1,5,11
2691,WT,2,6,5
2692,WT,2,4,3
2693,WT,2,28,36
2694,WT,2,24,43
2695,WT,2,2,1
2696,WT,3,3,1
2697,WT,4,31,34
2698,WT,4,4,1
2699,WT,4,6,3
2700,WT,5,6,2
2701,WT,5,6,2
2702,WT,6,13,11
2703,WT,6,6,1
2704,WT,6,6,1
2705,WT,6,8,3
2706,WT,6,6,1
2707,WT,7,7,1
2708,WT,7,7,1
2709,WT,7,8,2
2710,WT,7,8,2
2711,WT,7,7,1
2712,WT,8,8,1
2713,WT,8,12,5
2714,WT,8,9,2
2715,WT,9,9,1
2716,WT,9,12,4
2717,WT,9,10,2
2718,WT,9,10,2
2719,WT,10,12,3
2720,WT,10,25,19
2721,WT,10,25,25
2722,WT,10,12,3
2723,WT,10,10,1
2724,WT,11,11,1
2725,WT,12,12,1
2726,WT,12,12,1
2727,WT,12,12,1
2728,WT,12,13,5
2729,WT,13,13,1
2730,WT,13,14,2
2731,WT,13,15,3
2732,WT,13,15,3
2733,WT,13,13,1
2734,WT,13,14,2
2735,WT,14,45,50
2736,WT,14,21,11
2737,WT,14,15,2
2738,WT,15,17,6
2739,WT,15,29,15
2740,WT,15,15,1
2741,WT,15,15,1
2742,WT,16,44,29
2743,WT,16,21,6
2744,WT,16,17,2
2745,WT,17,31,21
2746,WT,17,17,1
2747,WT,17,17,1
2748,WT,17,17,1
2749,WT,18,18,1
2750,WT,19,22,4
2751,WT,19,45,76
2752,WT,19,45,90
2753,WT,19,19,1
2754,WT,19,20,2
2755,WT,20,21,2
2756,WT,21,21,1
2757,WT,21,21,1
2758,WT,21,23,3
2759,WT,23,31,9
2760,WT,23,23,1
2761,WT,23,23,1
2762,WT,24,24,1
2763,WT,25,26,2
2764,WT,25,26,2
2765,WT,25,26,2
2766,WT,25,27,3
2767,WT,26,27,2
2768,WT,26,26,1
2769,WT,27,27,1
2770,WT,27,45,28
2771,WT,27,27,1
2772,WT,28,34,7
2773,WT,28,45,45
2774,WT,28,28,1
2775,WT,28,30,3
2776,WT,28,28,1
2777,WT,28,30,6
2778,WT,28,28,1
2779,WT,29,29,1
2780,WT,30,45,22
2781,WT,30,35,15
2782,WT,30,36,10
2783,WT,30,34,8
2784,WT,31,31,1
2785,WT,31,41,11
2786,WT,31,31,1
2787,WT,32,34,3
2788,WT,32,42,20
2789,WT,32,37,6
2790,WT,33,38,6
2791,WT,34,41,8
2792,WT,35,35,1
2793,WT,37,43,7
2794,WT,37,37,1
2795,WT,37,38,2
2796,WT,37,38,2
2797,WT,38,42,5
2798,WT,39,39,1
2799,WT,40,40,1
2800,WT,40,45,6
2801,WT,41,45,5
2802,WT,42,42,1
2803,WT,43,45,3
2804,WT,44,44,1
2805,WT,44,45,2
2806,WT,44,45,2
2807,WT,44,44,1
2808,WT,44,44,1
2809,WT,44,44,1
2810,WT,44,44,1
2811,WT,45,45,1
2812,WT,45,45,1
2813,WT,45,45,1
2814,WT,45,45,1
2815,MUT,0,5,9
2816,MUT,0,0,1
2817,MUT,0,12,19
2818,MUT,0,5,9
2819,MUT,0,11,12
2820,MUT,0,0,1
2821,MUT,0,10,11
2822,MUT,0,4,5
2823,MUT,0,12,13
2824,MUT,0,22,26
2825,MUT,0,0,1
2826,MUT,0,3,4
2827,MUT,0,12,13
2828,MUT,0,17,18
2829,MUT,0,0,1
2830,MUT,0,6,10
2831,MUT,0,39,70
2832,MUT,0,0,1
2833,MUT,0,14,15
2834,MUT,1,2,2
2835,MUT,1,1,1
2836,MUT,1,1,1
2837,MUT,1,3,3
2838,MUT,1,1,1
2839,MUT,2,39,124
2840,MUT,3,4,2
2841,MUT,3,4,2
2842,MUT,4,4,1
2843,MUT,4,5,2
2844,MUT,4,7,4
2845,MUT,4,4,1
2846,MUT,5,7,9
2847,MUT,5,14,10
2848,MUT,5,5,1
2849,MUT,5,7,3
2850,MUT,5,6,2
2851,MUT,6,13,22
2852,MUT,7,7,1
2853,MUT,7,34,52
2854,MUT,7,7,1
2855,MUT,8,8,1
2856,MUT,8,10,3
2857,MUT,8,9,2
2858,MUT,8,8,1
2859,MUT,9,9,1
2860,MUT,9,9,1
2861,MUT,9,9,1
2862,MUT,10,11,2
2863,MUT,10,10,1
2864,MUT,10,10,1
2865,MUT,10,35,68
2866,MUT,11,12,2
2867,MUT,11,27,32
2868,MUT,11,28,121
2869,MUT,11,11,1
2870,MUT,12,27,25
2871,MUT,12,12,1
2872,MUT,12,12,1
2873,MUT,13,33,24
2874,MUT,13,14,2
2875,MUT,14,14,1
2876,MUT,14,14,1
2877,MUT,15,120,109
2878,MUT,15,15,1
2879,MUT,15,16,2
2880,MUT,15,17,3
2881,MUT,17,18,2
2882,MUT,17,30,37
2883,MUT,18,18,1
2884,MUT,18,18,1
2885,MUT,19,19,1
2886,MUT,20,36,17
2887,MUT,20,20,1
2888,MUT,20,21,2
2889,MUT,20,20,1
2890,MUT,21,23,3
2891,MUT,21,32,12
2892,MUT,21,21,1
2893,MUT,22,24,3
2894,MUT,22,23,2
2895,MUT,22,29,8
2896,MUT,23,65,113
2897,MUT,23,24,2
2898,MUT,23,51,155
2899,MUT,23,23,1
2900,MUT,24,26,3
2901,MUT,24,24,1
2902,MUT,24,24,1
2903,MUT,24,24,1
2904,MUT,24,24,1
2905,MUT,26,26,1
2906,MUT,26,26,1
2907,MUT,26,45,88
2908,MUT,27,29,3
2909,MUT,27,33,10
2910,MUT,27,30,4
2911,MUT,28,101,278
2912,MUT,29,37,18
2913,MUT,29,35,13
2914,MUT,30,30,1
2915,MUT,30,47,63
2916,MUT,30,35,9
2917,MUT,31,32,5
2918,MUT,31,31,1
2919,MUT,32,35,4
2920,MUT,32,45,17
2921,MUT,32,32,1
2922,MUT,33,38,6
2923,MUT,33,33,1
2924,MUT,33,33,1
2925,MUT,33,35,6
2926,MUT,33,33,1
2927,MUT,34,34,1
2928,MUT,34,34,1
2929,MUT,34,35,2
2930,MUT,34,35,5
2931,MUT,34,40,10
2932,MUT,34,37,4
2933,MUT,34,37,4
2934,MUT,35,46,18
2935,MUT,36,39,4
2936,MUT,36,36,1
2937,MUT,37,40,4
2938,MUT,37,37,1
2939,MUT,37,39,3
2940,MUT,37,55,25
2941,MUT,37,49,13
2942,MUT,38,43,9
2943,MUT,38,39,2
2944,MUT,38,39,2
2945,MUT,38,38,1
2946,MUT,39,79,56
2947,MUT,39,39,1
2948,MUT,39,46,8
2949,MUT,39,89,136
2950,MUT,39,42,4
2951,MUT,40,40,1
2952,MUT,41,41,1
2953,MUT,41,41,1
2954,MUT,42,73,53
2955,MUT,42,55,58
2956,MUT,43,50,8
2957,MUT,43,45,3
2958,MUT,44,44,1
2959,MUT,44,54,20
2960,MUT,46,49,7
2961,MUT,46,51,6
2962,MUT,46,52,10
2963,MUT,47,47,1
2964,MUT,47,47,1
2965,MUT,47,47,1
2966,MUT,47,47,1
2967,MUT,47,47,1
2968,MUT,47,47,1
2969,MUT,47,58,29
2970,MUT,47,47,1
2971,MUT,47,47,1
2972,MUT,47,47,1
2973,MUT,47,47,1
2974,MUT,47,49,14
2975,MUT,48,48,1
2976,MUT,48,48,1
2977,MUT,48,50,3
2978,MUT,48,50,3
2979,MUT,49,52,4
2980,MUT,49,49,1
2981,MUT,49,54,6
2982,MUT,49,49,1
2983,MUT,49,49,1
2984,MUT,49,51,3
2985,MUT,49,50,2
2986,MUT,49,49,1
2987,MUT,50,55,12
2988,MUT,51,52,2
2989,MUT,51,51,1
2990,MUT,52,64,19
2991,MUT,52,120,331
2992,MUT,52,52,1
2993,MUT,52,54,3
2994,MUT,53,53,1
2995,MUT,53,57,5
2996,MUT,53,56,4
2997,MUT,53,62,19
2998,MUT,54,57,4
2999,MUT,54,56,3
3000,MUT,54,54,1
3001,MUT,54,54,1
3002,MUT,55,56,2
3003,MUT,56,72,17
3004,MUT,56,56,1
3005,MUT,56,56,1
3006,MUT,56,57,2
3007,MUT,56,76,21
3008,MUT,57,60,4
3009,MUT,57,57,1
3010,MUT,57,63,10
3011,MUT,57,58,2
3012,MUT,57,120,144
3013,MUT,58,58,1
3014,MUT,58,59,5
3015,MUT,58,63,9
3016,MUT,59,65,7
3017,MUT,59,60,2
3018,MUT,59,59,1
3019,MUT,59,79,27
3020,MUT,59,60,2
3021,MUT,59,65,7
3022,MUT,60,60,1
3023,MUT,61,61,1
3024,MUT,61,61,1
3025,MUT,61,61,1
3026,MUT,61,75,15
3027,MUT,61,120,445
3028,MUT,61,62,2
3029,MUT,62,63,2
3030,MUT,62,62,1
3031,MUT,62,81,26
3032,MUT,62,63,2
3033,MUT,62,62,1
3034,MUT,62,62,1
3035,MUT,63,63,1
3036,MUT,63,63,1
3037,MUT,63,63,1
3038,MUT,64,64,1
3039,MUT,64,65,2
3040,MUT,64,64,1
3041,MUT,64,65,2
3042,MUT,65,67,3
3043,MUT,66,66,1
3044,MUT,66,67,2
3045,MUT,67,67,1
3046,MUT,67,67,1
3047,MUT,67,73,13
3048,MUT,68,74,10
3049,MUT,68,68,1
3050,MUT,68,71,7
3051,MUT,69,69,1
3052,MUT,69,75,7
3053,MUT,69,71,3
3054,MUT,70,70,1
3055,MUT,70,70,1
3056,MUT,70,70,1
3057,MUT,70,73,4
3058,MUT,70,72,3
3059,MUT,71,74,4
3060,MUT,71,78,14
3061,MUT,71,71,1
3062,MUT,72,80,12
3063,MUT,72,73,2
3064,MUT,72,72,1
3065,MUT,73,76,7
3066,MUT,74,81,8
3067,MUT,74,74,1
3068,MUT,74,76,6
3069,MUT,75,81,18
3070,MUT,75,78,7
3071,MUT,76,91,19
3072,MUT,76,76,1
3073,MUT,76,77,2
3074,MUT,76,81,9
3075,MUT,76,78,6
3076,MUT,77,78,2
3077,MUT,78,78,1
3078,MUT,78,80,3
3079,MUT,78,90,16
3080,MUT,78,78,1
3081,MUT,78,82,5
3082,MUT,79,79,1
3083,MUT,80,81,2
3084,MUT,80,80,1
3085,MUT,80,83,4
3086,MUT,80,83,7
3087,MUT,81,120,52
3088,MUT,81,112,44
3089,MUT,81,81,1
3090,MUT,81,85,5
3091,MUT,82,105,27
3092,MUT,82,88,10
3093,MUT,82,84,3
3094,MUT,82,83,2
3095,MUT,83,120,79
3096,MUT,83,83,1
3097,MUT,84,84,1
3098,MUT,84,84,1
3099,MUT,84,120,123
3100,MUT,84,98,21
3101,MUT,84,85,5
3102,MUT,85,101,46
3103,MUT,85,85,1
3104,MUT,85,85,1
3105,MUT,86,87,2
3106,MUT,86,86,1
3107,MUT,86,93,11
3108,MUT,87,90,4
3109,MUT,87,97,11
3110,MUT,88,88,1
3111,MUT,89,89,1
3112,MUT,89,91,3
3113,MUT,90,93,4
3114,MUT,90,90,1
3115,MUT,90,104,15
3116,MUT,90,90,1
3117,MUT,90,90,1
3118,MUT,92,95,4
3119,MUT,92,110,36
3120,MUT,92,92,1
3121,MUT,93,120,118
3122,MUT,93,93,1
3123,MUT,93,95,3
3124,MUT,94,95,2
3125,MUT,94,95,2
3126,MUT,94,95,2
3127,MUT,95,98,4
3128,MUT,95,97,6
3129,MUT,95,95,1
3130,MUT,96,98,3
3131,MUT,97,97,1
3132,MUT,97,97,1
3133,MUT,97,97,1
3134,MUT,97,112,25
3135,MUT,97,97,1
3136,MUT,97,97,1
3137,MUT,98,120,40
3138,MUT,99,99,1
3139,MUT,99,105,7
3140,MUT,99,100,2
3141,MUT,99,101,3
3142,MUT,99,99,1
3143,MUT,100,101,2
3144,MUT,100,102,3
3145,MUT,100,100,1
3146,MUT,100,100,1
3147,MUT,101,116,33
3148,MUT,102,104,3
3149,MUT,102,113,18
3150,MUT,102,105,4
3151,MUT,102,103,2
3152,MUT,102,102,1
3153,MUT,103,120,36
3154,MUT,103,103,1
3155,MUT,104,104,1
3156,MUT,106,120,21
3157,MUT,106,106,1
3158,MUT,106,106,1
3159,MUT,107,109,6
3160,MUT,107,112,6
3161,MUT,107,107,1
3162,MUT,107,107,1
3163,MUT,108,109,2
3164,MUT,109,120,30
3165,MUT,110,112,3
3166,MUT,110,111,2
3167,MUT,111,111,1
3168,MUT,111,111,1
3169,MUT,111,111,1
3170,MUT,111,112,2
3171,MUT,112,112,1
3172,MUT,113,120,8
3173,MUT,114,120,7
3174,MUT,114,120,24
3175,MUT,115,115,1
3176,MUT,115,120,6
3177,MUT,115,120,6
3178,MUT,115,116,2
3179,MUT,115,115,1
3180,MUT,115,115,1
3181,MUT,116,116,1
3182,MUT,116,118,6
3183,MUT,118,120,3
3184,MUT,118,120,6
3185,MUT,118,120,3
3186,MUT,119,120,2
3187,MUT,119,120,2
3188,MUT,120,120,1
3189,MUT,120,120,1
3190,MUT,0,2,3
3191,MUT,0,5,6
3192,MUT,0,3,4
3193,MUT,0,42,49
3194,MUT,0,0,1
3195,MUT,0,16,17
3196,MUT,0,13,14
3197,MUT,0,29,30
3198,MUT,0,67,110
3199,MUT,0,4,5
3200,MUT,0,7,8
3201,MUT,0,14,92
3202,MUT,0,3,7
3203,MUT,0,2,3
3204,MUT,0,44,105
3205,MUT,0,39,90
3206,MUT,0,0,1
3207,MUT,0,20,39
3208,MUT,0,2,3
3209,MUT,1,4,7
3210,MUT,1,1,1
3211,MUT,1,17,31
3212,MUT,1,2,2
3213,MUT,2,2,1
3214,MUT,2,4,6
3215,MUT,2,5,4
3216,MUT,2,3,2
3217,MUT,2,2,1
3218,MUT,2,13,18
3219,MUT,3,4,2
3220,MUT,4,5,2
3221,MUT,5,5,1
3222,MUT,5,5,1
3223,MUT,6,6,1
3224,MUT,6,6,1
3225,MUT,6,6,1
3226,MUT,6,6,1
3227,MUT,7,22,49
3228,MUT,7,9,3
3229,MUT,8,9,2
3230,MUT,8,10,3
3231,MUT,9,9,1
3232,MUT,9,9,1
3233,MUT,10,21,12
3234,MUT,10,12,3
3235,MUT,11,12,2
3236,MUT,12,12,1
3237,MUT,12,14,3
3238,MUT,12,13,2
3239,MUT,12,13,2
3240,MUT,12,12,1
3241,MUT,12,12,1
3242,MUT,13,13,1
3243,MUT,13,13,1
3244,MUT,14,14,1
3245,MUT,14,63,234
3246,MUT,14,15,2
3247,MUT,14,14,1
3248,MUT,15,24,16
3249,MUT,15,37,53
3250,MUT,16,18,3
3251,MUT,16,21,6
3252,MUT,17,19,3
3253,MUT,17,20,4
3254,MUT,17,17,1
3255,MUT,18,23,6
3256,MUT,18,23,6
3257,MUT,19,19,1
3258,MUT,19,19,1
3259,MUT,19,19,1
3260,MUT,20,20,1
3261,MUT,20,20,1
3262,MUT,20,20,1
3263,MUT,20,21,2
3264,MUT,21,34,17
3265,MUT,21,21,1
3266,MUT,21,21,1
3267,MUT,21,21,1
3268,MUT,21,21,1
3269,MUT,22,25,7
3270,MUT,23,23,1
3271,MUT,23,37,15
3272,MUT,23,23,1
3273,MUT,23,23,1
3274,MUT,24,24,1
3275,MUT,24,24,1
3276,MUT,24,29,6
3277,MUT,24,59,122
3278,MUT,24,25,2
3279,MUT,25,25,1
3280,MUT,25,25,1
3281,MUT,25,26,2
3282,MUT,25,25,1
3283,MUT,25,26,2
3284,MUT,25,25,1
3285,MUT,26,26,1
3286,MUT,26,36,32
3287,MUT,27,28,2
3288,MUT,27,27,1
3289,MUT,27,27,1
3290,MUT,28,28,1
3291,MUT,29,30,2
3292,MUT,29,29,1
3293,MUT,30,30,1
3294,MUT,30,34,5
3295,MUT,31,33,3
3296,MUT,31,38,14
3297,MUT,31,31,1
3298,MUT,31,31,1
3299,MUT,31,31,1
3300,MUT,32,32,1
3301,MUT,32,72,88
3302,MUT,34,34,1
3303,MUT,34,34,1
3304,MUT,34,36,3
3305,MUT,35,35,1
3306,MUT,35,35,1
3307,MUT,36,36,1
3308,MUT,36,38,3
3309,MUT,36,37,2
3310,MUT,37,37,1
3311,MUT,37,38,2
3312,MUT,38,39,2
3313,MUT,38,41,4
3314,MUT,38,46,12
3315,MUT,38,41,4
3316,MUT,39,39,1
3317,MUT,40,41,2
3318,MUT,40,40,1
3319,MUT,40,40,1
3320,MUT,40,42,3
3321,MUT,40,40,1
3322,MUT,40,43,7
3323,MUT,41,42,2
3324,MUT,41,42,2
3325,MUT,41,48,8
3326,MUT,42,42,1
3327,MUT,42,50,9
3328,MUT,43,43,1
3329,MUT,43,43,1
3330,MUT,43,43,1
3331,MUT,43,47,5
3332,MUT,44,51,8
3333,MUT,44,45,2
3334,MUT,44,44,1
3335,MUT,45,45,1
3336,MUT,45,45,1
3337,MUT,46,50,8
3338,MUT,46,49,4
3339,MUT,46,47,2
3340,MUT,46,46,1
3341,MUT,46,74,81
3342,MUT,46,47,2
3343,MUT,47,47,1
3344,MUT,47,47,1
3345,MUT,47,56,22
3346,MUT,48,49,2
3347,MUT,48,48,1
3348,MUT,49,49,1
3349,MUT,49,52,4
3350,MUT,50,55,9
3351,MUT,51,84,37
3352,MUT,52,54,3
3353,MUT,52,52,1
3354,MUT,52,52,1
3355,MUT,52,57,6
3356,MUT,53,53,1
3357,MUT,53,58,6
3358,MUT,53,57,5
3359,MUT,54,54,1
3360,MUT,55,55,1
3361,MUT,55,55,1
3362,MUT,55,55,1
3363,MUT,55,55,1
3364,MUT,55,56,2
3365,MUT,57,57,1
3366,MUT,57,57,1
3367,MUT,57,68,15
3368,MUT,58,58,1
3369,MUT,58,61,7
3370,MUT,58,58,1
3371,MUT,59,59,1
3372,MUT,59,59,1
3373,MUT,60,60,1
3374,MUT,60,62,3
3375,MUT,60,60,1
3376,MUT,60,60,1
3377,MUT,61,61,1
3378,MUT,61,62,2
3379,MUT,61,70,16
3380,MUT,61,61,1
3381,MUT,62,63,2
3382,MUT,62,62,1
3383,MUT,63,63,1
3384,MUT,63,63,1
3385,MUT,63,63,1
3386,MUT,63,63,1
3387,MUT,64,64,1
3388,MUT,64,75,21
3389,MUT,64,64,1
3390,MUT,65,65,1
3391,MUT,65,73,12
3392,MUT,65,67,3
3393,MUT,66,71,6
3394,MUT,66,67,2
3395,MUT,66,70,5
3396,MUT,67,67,1
3397,MUT,67,67,1
3398,MUT,67,67,1
3399,MUT,67,70,4
3400,MUT,67,67,1
3401,MUT,68,68,1
3402,MUT,68,71,4
3403,MUT,68,68,1
3404,MUT,69,70,2
3405,MUT,69,69,1
3406,MUT,69,77,9
3407,MUT,69,69,1
3408,MUT,69,69,1
3409,MUT,70,77,8
3410,MUT,70,71,2
3411,MUT,70,91,77
3412,MUT,71,71,1
3413,MUT,71,74,4
3414,MUT,72,86,21
3415,MUT,72,79,20
3416,MUT,72,74,3
3417,MUT,73,75,3
3418,MUT,74,74,1
3419,MUT,74,74,1
3420,MUT,75,77,3
3421,MUT,75,76,2
3422,MUT,76,89,17
3423,MUT,76,76,1
3424,MUT,76,76,1
3425,MUT,76,76,1
3426,MUT,76,81,9
3427,MUT,76,79,7
3428,MUT,77,77,1
3429,MUT,77,77,1
3430,MUT,77,77,1
3431,MUT,78,78,1
3432,MUT,78,86,9
3433,MUT,78,79,2
3434,MUT,79,80,2
3435,MUT,79,79,1
3436,MUT,79,80,2
3437,MUT,79,79,1
3438,MUT,80,82,3
3439,MUT,81,81,1
3440,MUT,81,87,19
3441,MUT,82,85,7
3442,MUT,82,85,4
3443,MUT,82,88,10
3444,MUT,83,83,1
3445,MUT,83,83,1
3446,MUT,83,92,25
3447,MUT,83,84,2
3448,MUT,83,87,5
3449,MUT,83,87,5
3450,MUT,84,84,1
3451,MUT,84,84,1
3452,MUT,84,86,3
3453,MUT,84,84,1
3454,MUT,86,94,15
3455,MUT,86,90,5
3456,MUT,86,86,1
3457,MUT,87,92,6
3458,MUT,88,88,1
3459,MUT,88,90,9
3460,MUT,88,88,1
3461,MUT,89,89,1
3462,MUT,89,90,2
3463,MUT,90,97,8
3464,MUT,91,91,1
3465,MUT,92,101,10
3466,MUT,92,93,10
3467,MUT,92,92,1
3468,MUT,92,92,1
3469,MUT,92,92,1
3470,MUT,93,93,1
3471,MUT,93,93,1
3472,MUT,94,94,1
3473,MUT,94,97,4
3474,MUT,94,102,9
3475,MUT,94,95,2
3476,MUT,94,98,8
3477,MUT,95,100,6
3478,MUT,95,95,1
3479,MUT,95,95,1
3480,MUT,95,110,16
3481,MUT,96,96,1
3482,MUT,97,97,1
3483,MUT,97,97,1
3484,MUT,97,99,9
3485,MUT,97,97,1
3486,MUT,97,97,1
3487,MUT,98,98,1
3488,MUT,98,98,1
3489,MUT,98,100,3
3490,MUT,99,109,11
3491,MUT,99,99,1
3492,MUT,99,102,4
3493,MUT,100,111,18
3494,MUT,100,100,1
3495,MUT,101,102,2
3496,MUT,101,104,10
3497,MUT,101,111,14
3498,MUT,102,102,1
3499,MUT,102,111,13
3500,MUT,102,106,5
3501,MUT,103,111,15
3502,MUT,103,111,9
3503,MUT,104,104,1
3504,MUT,104,104,1
3505,MUT,104,107,4
3506,MUT,104,109,6
3507,MUT,105,106,2
3508,MUT,105,105,1
3509,MUT,105,107,3
3510,MUT,106,107,2
3511,MUT,106,111,6
3512,MUT,106,106,1
3513,MUT,106,111,20
3514,MUT,106,106,1
3515,MUT,106,106,1
3516,MUT,107,109,6
3517,MUT,108,108,1
3518,MUT,108,110,3
3519,MUT,108,110,6
3520,MUT,109,109,1
3521,MUT,109,109,1
3522,MUT,109,109,1
3523,MUT,110,110,1
3524,MUT,110,110,1
3525,MUT,111,111,1
3526,MUT,111,111,1
3527,MUT,0,1,2
3528,MUT,0,0,1
3529,MUT,0,1,2
3530,MUT,0,5,14
3531,MUT,0,10,14
3532,MUT,0,16,26
3533,MUT,0,3,4
3534,MUT,0,0,1
3535,MUT,0,0,1
3536,MUT,0,0,1
3537,MUT,0,1,2
3538,MUT,0,5,20
3539,MUT,0,23,30
3540,MUT,0,8,18
3541,MUT,0,13,14
3542,MUT,0,10,14
3543,MUT,0,0,1
3544,MUT,1,2,2
3545,MUT,1,7,7
3546,MUT,1,64,142
3547,MUT,1,1,1
3548,MUT,2,2,1
3549,MUT,2,11,13
3550,MUT,3,20,41
3551,MUT,3,5,3
3552,MUT,4,28,65
3553,MUT,4,4,1
3554,MUT,4,4,1
3555,MUT,4,4,1
3556,MUT,4,5,2
3557,MUT,5,5,1
3558,MUT,6,6,1
3559,MUT,6,6,1
3560,MUT,6,8,3
3561,MUT,7,7,1
3562,MUT,7,11,5
3563,MUT,7,8,2
3564,MUT,7,7,1
3565,MUT,8,11,4
3566,MUT,8,8,1
3567,MUT,8,9,2
3568,MUT,8,13,17
3569,MUT,9,9,1
3570,MUT,9,10,2
3571,MUT,9,9,1
3572,MUT,10,17,11
3573,MUT,10,15,6
3574,MUT,10,10,1
3575,MUT,12,20,20
3576,MUT,12,15,4
3577,MUT,12,16,5
3578,MUT,13,18,6
3579,MUT,14,14,1
3580,MUT,14,14,1
3581,MUT,14,14,1
3582,MUT,15,15,1
3583,MUT,15,15,1
3584,MUT,15,20,9
3585,MUT,16,51,39
3586,MUT,16,16,1
3587,MUT,17,17,1
3588,MUT,18,18,1
3589,MUT,18,64,185
3590,MUT,18,18,1
3591,MUT,18,18,1
3592,MUT,18,20,3
3593,MUT,19,19,1
3594,MUT,20,27,11
3595,MUT,20,23,4
3596,MUT,20,27,29
3597,MUT,21,22,2
3598,MUT,21,21,1
3599,MUT,21,25,19
3600,MUT,21,21,1
3601,MUT,22,22,1
3602,MUT,22,22,1
3603,MUT,22,50,55
3604,MUT,22,22,1
3605,MUT,23,24,2
3606,MUT,23,28,6
3607,MUT,23,41,34
3608,MUT,23,30,33
3609,MUT,23,24,2
3610,MUT,23,23,1
3611,MUT,23,31,12
3612,MUT,24,24,1
3613,MUT,25,28,4
3614,MUT,25,44,66
3615,MUT,25,25,1
3616,MUT,25,25,1
3617,MUT,26,29,4
3618,MUT,27,27,1
3619,MUT,27,28,2
3620,MUT,27,27,1
3621,MUT,27,27,1
3622,MUT,29,31,3
3623,MUT,29,44,41
3624,MUT,29,30,2
3625,MUT,29,36,31
3626,MUT,29,29,1
3627,MUT,29,31,3
3628,MUT,29,30,2
3629,MUT,30,31,2
3630,MUT,30,31,2
3631,MUT,31,31,1
3632,MUT,31,32,2
3633,MUT,32,32,1
3634,MUT,32,34,3
3635,MUT,33,64,32
3636,MUT,33,41,12
3637,MUT,33,35,3
3638,MUT,33,33,1
3639,MUT,34,35,2
3640,MUT,34,34,1
3641,MUT,35,35,1
3642,MUT,36,36,1
3643,MUT,37,38,2
3644,MUT,37,37,1
3645,MUT,39,39,1
3646,MUT,39,39,1
3647,MUT,39,40,2
3648,MUT,39,40,5
3649,MUT,39,45,7
3650,MUT,40,47,8
3651,MUT,40,43,4
3652,MUT,41,41,1
3653,MUT,41,41,1
3654,MUT,42,54,16
3655,MUT,42,46,8
3656,MUT,43,43,1
3657,MUT,43,44,2
3658,MUT,43,45,3
3659,MUT,44,44,1
3660,MUT,44,50,10
3661,MUT,44,44,1
3662,MUT,44,44,1
3663,MUT,44,45,2
3664,MUT,45,50,12
3665,MUT,46,46,1
3666,MUT,46,52,7
3667,MUT,46,46,1
3668,MUT,46,47,2
3669,MUT,46,47,2
3670,MUT,47,50,10
3671,MUT,47,48,2
3672,MUT,48,51,7
3673,MUT,48,63,16
3674,MUT,48,48,1
3675,MUT,49,49,1
3676,MUT,49,49,1
3677,MUT,49,50,2
3678,MUT,50,54,5
3679,MUT,50,54,8
3680,MUT,50,50,1
3681,MUT,51,64,17
3682,MUT,52,52,1
3683,MUT,52,53,2
3684,MUT,52,52,1
3685,MUT,52,64,22
3686,MUT,52,55,4
3687,MUT,52,52,1
3688,MUT,53,64,18
3689,MUT,54,59,6
3690,MUT,54,54,1
3691,MUT,54,54,1
3692,MUT,54,54,1
3693,MUT,54,54,1
3694,MUT,54,54,1
3695,MUT,54,54,1
3696,MUT,55,58,7
3697,MUT,56,59,4
3698,MUT,56,64,9
3699,MUT,56,58,3
3700,MUT,56,56,1
3701,MUT,56,59,4
3702,MUT,57,58,2
3703,MUT,57,61,5
3704,MUT,57,64,8
3705,MUT,58,58,1
3706,MUT,59,59,1
3707,MUT,60,61,2
3708,MUT,60,64,5
3709,MUT,60,62,3
3710,MUT,60,64,5
3711,MUT,61,63,3
3712,MUT,61,64,4
3713,MUT,61,61,1
3714,MUT,63,63,1
3715,MUT,63,64,2
3716,MUT,64,64,1
3717,MUT,64,64,1
3718,MUT,0,0,1
3719,MUT,0,4,5
3720,MUT,0,14,18
3721,MUT,0,0,1
3722,MUT,0,8,15
3723,MUT,0,15,37
3724,MUT,0,0,1
3725,MUT,0,6,24
3726,MUT,0,39,122
3727,MUT,0,41,87
3728,MUT,0,8,9
3729,MUT,0,0,1
3730,MUT,0,0,1
3731,MUT,0,0,1
3732,MUT,0,0,1
3733,MUT,0,0,1
3734,MUT,0,11,15
3735,MUT,0,45,88
3736,MUT,0,4,11
3737,MUT,0,14,15
3738,MUT,0,0,1
3739,MUT,0,10,26
3740,MUT,1,2,2
3741,MUT,1,8,8
3742,MUT,1,3,6
3743,MUT,1,2,2
3744,MUT,1,1,1
3745,MUT,1,17,17
3746,MUT,1,2,2
3747,MUT,1,7,7
3748,MUT,1,1,1
3749,MUT,1,4,7
3750,MUT,1,14,14
3751,MUT,1,45,81
3752,MUT,2,2,1
3753,MUT,2,13,12
3754,MUT,2,45,104
3755,MUT,4,8,8
3756,MUT,4,7,4
3757,MUT,4,5,2
3758,MUT,4,4,1
3759,MUT,4,4,1
3760,MUT,5,7,3
3761,MUT,5,45,168
3762,MUT,5,6,2
3763,MUT,6,7,2
3764,MUT,6,7,2
3765,MUT,6,6,1
3766,MUT,7,11,5
3767,MUT,7,7,1
3768,MUT,7,7,1
3769,MUT,8,30,44
3770,MUT,8,37,33
3771,MUT,8,9,2
3772,MUT,9,21,13
3773,MUT,9,11,3
3774,MUT,9,12,4
3775,MUT,9,9,1
3776,MUT,10,18,9
3777,MUT,10,27,46
3778,MUT,11,21,11
3779,MUT,11,13,3
3780,MUT,11,11,1
3781,MUT,11,14,4
3782,MUT,11,14,4
3783,MUT,13,15,3
3784,MUT,13,13,1
3785,MUT,14,14,1
3786,MUT,14,15,2
3787,MUT,15,15,1
3788,MUT,15,15,1
3789,MUT,15,18,4
3790,MUT,15,15,1
3791,MUT,15,15,1
3792,MUT,15,15,1
3793,MUT,16,18,3
3794,MUT,16,21,6
3795,MUT,16,28,13
3796,MUT,16,19,7
3797,MUT,16,16,1
3798,MUT,17,18,2
3799,MUT,17,17,1
3800,MUT,18,18,1
3801,MUT,18,19,2
3802,MUT,19,20,2
3803,MUT,20,20,1
3804,MUT,20,29,10
3805,MUT,20,20,1
3806,MUT,20,24,8
3807,MUT,21,21,1
3808,MUT,21,28,8
3809,MUT,21,21,1
3810,MUT,21,27,10
3811,MUT,21,21,1
3812,MUT,21,28,11
3813,MUT,22,24,3
3814,MUT,22,22,1
3815,MUT,22,22,1
3816,MUT,23,27,5
3817,MUT,23,24,2
3818,MUT,23,23,1
3819,MUT,24,24,1
3820,MUT,24,24,1
3821,MUT,24,25,2
3822,MUT,25,26,2
3823,MUT,25,25,1
3824,MUT,27,28,2
3825,MUT,28,34,7
3826,MUT,28,30,3
3827,MUT,28,29,2
3828,MUT,28,28,1
3829,MUT,29,45,69
3830,MUT,29,36,11
3831,MUT,29,38,10
3832,MUT,30,30,1
3833,MUT,30,35,6
3834,MUT,30,34,5
3835,MUT,31,31,1
3836,MUT,31,31,1
3837,MUT,31,34,10
3838,MUT,32,45,14
3839,MUT,33,45,25
3840,MUT,33,44,18
3841,MUT,34,37,4
3842,MUT,36,36,1
3843,MUT,36,36,1
3844,MUT,36,45,10
3845,MUT,36,36,1
3846,MUT,37,45,12
3847,MUT,38,45,8
3848,MUT,38,42,5
3849,MUT,38,38,1
3850,MUT,38,38,1
3851,MUT,38,40,3
3852,MUT,38,38,1
3853,MUT,40,40,1
3854,MUT,40,40,1
3855,MUT,41,41,1
3856,MUT,41,41,1
3857,MUT,41,41,1
3858,MUT,42,45,7
3859,MUT,42,43,2
3860,MUT,43,43,1
3861,MUT,43,43,1
3862,MUT,43,45,3
3863,MUT,44,44,1
3864,MUT,44,45,2
3865,MUT,44,45,2
3866,MUT,45,45,1
3867,MUT,0,11,12
3868,MUT,0,34,44
3869,MUT,0,22,64
3870,MUT,0,1,2
3871,MUT,0,6,13
3872,MUT,0,17,18
3873,MUT,0,6,10
3874,MUT,0,0,1
3875,MUT,0,1,2
3876,MUT,0,5,24
3877,MUT,0,3,4
3878,MUT,0,10,25
3879,MUT,0,9,13
3880,MUT,0,1,2
3881,MUT,0,2,3
3882,MUT,0,3,4
3883,MUT,0,19,20
3884,MUT,0,7,8
3885,MUT,0,0,1
3886,MUT,0,3,4
3887,MUT,0,14,30
3888,MUT,0,5,6
3889,MUT,0,25,351
3890,MUT,0,0,1
3891,MUT,0,0,1
3892,MUT,0,3,4
3893,MUT,1,2,2
3894,MUT,1,1,1
3895,MUT,2,2,1
3896,MUT,2,2,1
3897,MUT,3,3,1
3898,MUT,3,4,2
3899,MUT,3,8,18
3900,MUT,3,5,3
3901,MUT,3,3,1
3902,MUT,3,3,1
3903,MUT,4,18,38
3904,MUT,4,4,1
3905,MUT,4,7,4
3906,MUT,4,5,2
3907,MUT,4,45,351
3908,MUT,4,9,6
3909,MUT,5,6,2
3910,MUT,5,5,1
3911,MUT,5,7,3
3912,MUT,5,6,2
3913,MUT,5,6,2
3914,MUT,6,6,1
3915,MUT,6,37,82
3916,MUT,6,6,1
3917,MUT,6,6,1
3918,MUT,6,6,1
3919,MUT,6,6,1
3920,MUT,7,7,1
3921,MUT,7,23,43
3922,MUT,8,8,1
3923,MUT,8,10,3
3924,MUT,8,9,2
3925,MUT,9,9,1
3926,MUT,10,19,10
3927,MUT,10,11,2
3928,MUT,11,13,3
3929,MUT,11,21,20
3930,MUT,12,21,10
3931,MUT,12,12,1
3932,MUT,12,16,8
3933,MUT,13,13,1
3934,MUT,13,15,3
3935,MUT,13,13,1
3936,MUT,14,14,1
3937,MUT,14,21,8
3938,MUT,14,14,1
3939,MUT,14,15,2
3940,MUT,14,15,2
3941,MUT,15,33,39
3942,MUT,15,15,1
3943,MUT,16,18,3
3944,MUT,17,31,15
3945,MUT,17,19,3
3946,MUT,17,17,1
3947,MUT,17,17,1
3948,MUT,18,18,1
3949,MUT,19,19,1
3950,MUT,19,19,1
3951,MUT,19,19,1
3952,MUT,19,20,2
3953,MUT,20,22,3
3954,MUT,20,20,1
3955,MUT,20,20,1
3956,MUT,21,44,30
3957,MUT,21,21,1
3958,MUT,21,22,2
3959,MUT,21,22,2
3960,MUT,21,36,16
3961,MUT,21,22,2
3962,MUT,22,22,1
3963,MUT,22,23,2
3964,MUT,22,23,2
3965,MUT,23,32,19
3966,MUT,23,23,1
3967,MUT,23,23,1
3968,MUT,23,25,6
3969,MUT,23,34,23
3970,MUT,24,34,11
3971,MUT,24,26,3
3972,MUT,24,45,115
3973,MUT,25,25,1
3974,MUT,25,27,3
3975,MUT,25,25,1
3976,MUT,25,26,5
3977,MUT,26,29,4
3978,MUT,26,26,1
3979,MUT,27,28,2
3980,MUT,27,27,1
3981,MUT,28,28,1
3982,MUT,28,28,1
3983,MUT,28,29,2
3984,MUT,29,29,1
3985,MUT,29,45,17
3986,MUT,29,44,31
3987,MUT,30,33,4
3988,MUT,31,31,1
3989,MUT,31,32,2
3990,MUT,32,32,1
3991,MUT,32,44,84
3992,MUT,33,45,16
3993,MUT,33,45,16
3994,MUT,34,43,10
3995,MUT,34,35,2
3996,MUT,35,35,1
3997,MUT,36,36,1
3998,MUT,36,42,7
3999,MUT,36,36,1
4000,MUT,36,36,1
4001,MUT,37,44,17
4002,MUT,37,37,1
4003,MUT,37,41,11
4004,MUT,37,37,1
4005,MUT,37,37,1
4006,MUT,38,38,1
4007,MUT,38,38,1
4008,MUT,38,39,2
4009,MUT,39,40,2
4010,MUT,39,41,3
4011,MUT,39,39,1
4012,MUT,39,41,6
4013,MUT,39,45,10
4014,MUT,39,39,1
4015,MUT,41,45,5
4016,MUT,42,42,1
4017,MUT,43,45,3
4018,MUT,43,45,3
4019,MUT,43,45,3
4020,MUT,43,43,1
4021,MUT,43,43,1
4022,MUT,43,43,1
4023,MUT,44,44,1
4024,MUT,44,44,1
4025,MUT,44,45,2
4026,MUT,45,45,1
4027,MUT,45,45,1
4028,MUT,45,45,1
4029,MUT,45,45,1
4030,MUT,45,45,1
4031,MUT,45,45,1
4032,MUT,0,3,4
4033,MUT,0,2,3
4034,MUT,0,2,3
4035,MUT,0,13,14
4036,MUT,0,1,2
4037,MUT,0,1,5
4038,MUT,0,1,5
4039,MUT,0,1,2
4040,MUT,0,2,3
4041,MUT,0,0,1
4042,MUT,0,21,22
4043,MUT,0,1,2
4044,MUT,0,2,3
4045,MUT,0,19,20
4046,MUT,0,1,2
4047,MUT,0,0,1
4048,MUT,0,0,1
4049,MUT,0,1,5
4050,MUT,0,13,154
4051,MUT,0,1,2
4052,MUT,0,0,1
4053,MUT,0,0,1
4054,MUT,0,0,1
4055,MUT,0,19,40
4056,MUT,0,0,1
4057,MUT,0,0,1
4058,MUT,0,2,6
4059,MUT,0,0,1
4060,MUT,0,11,44
4061,MUT,0,9,27
4062,MUT,0,12,60
4063,MUT,0,0,1
4064,MUT,0,1,2
4065,MUT,0,7,20
4066,MUT,0,5,6
4067,MUT,0,0,1
4068,MUT,1,2,2
4069,MUT,1,6,15
4070,MUT,2,45,201
4071,MUT,2,13,12
4072,MUT,2,28,30
4073,MUT,3,5,3
4074,MUT,3,4,2
4075,MUT,3,13,11
4076,MUT,3,3,1
4077,MUT,4,4,1
4078,MUT,4,21,18
4079,MUT,4,4,1
4080,MUT,4,8,5
4081,MUT,5,13,9
4082,MUT,5,5,1
4083,MUT,5,13,9
4084,MUT,5,5,1
4085,MUT,5,7,3
4086,MUT,5,5,1
4087,MUT,6,6,1
4088,MUT,7,7,1
4089,MUT,8,10,3
4090,MUT,8,20,33
4091,MUT,8,17,16
4092,MUT,8,13,6
4093,MUT,9,11,3
4094,MUT,9,14,15
4095,MUT,10,10,1
4096,MUT,10,12,3
4097,MUT,10,23,26
4098,MUT,11,11,1
4099,MUT,11,16,6
4100,MUT,12,12,1
4101,MUT,12,42,63
4102,MUT,13,13,1
4103,MUT,13,13,1
4104,MUT,13,13,1
4105,MUT,13,18,6
4106,MUT,13,13,1
4107,MUT,13,16,4
4108,MUT,14,18,5
4109,MUT,14,14,1
4110,MUT,14,15,2
4111,MUT,14,20,7
4112,MUT,14,14,1
4113,MUT,15,28,20
4114,MUT,15,29,15
4115,MUT,15,15,1
4116,MUT,15,17,3
4117,MUT,15,15,1
4118,MUT,15,15,1
4119,MUT,16,18,3
4120,MUT,16,16,1
4121,MUT,16,45,124
4122,MUT,16,16,1
4123,MUT,17,17,1
4124,MUT,17,22,15
4125,MUT,17,18,2
4126,MUT,18,19,2
4127,MUT,18,21,4
4128,MUT,19,19,1
4129,MUT,19,19,1
4130,MUT,19,30,12
4131,MUT,19,33,35
4132,MUT,19,26,8
4133,MUT,20,20,1
4134,MUT,21,45,54
4135,MUT,21,22,2
4136,MUT,21,21,1
4137,MUT,21,21,1
4138,MUT,22,22,1
4139,MUT,22,22,1
4140,MUT,22,26,5
4141,MUT,22,23,2
4142,MUT,22,23,2
4143,MUT,23,23,1
4144,MUT,23,23,1
4145,MUT,23,23,1
4146,MUT,23,23,1
4147,MUT,23,24,2
4148,MUT,23,43,60
4149,MUT,23,43,53
4150,MUT,23,24,2
4151,MUT,23,24,2
4152,MUT,24,24,1
4153,MUT,24,26,3
4154,MUT,24,24,1
4155,MUT,25,25,1
4156,MUT,25,26,2
4157,MUT,25,40,22
4158,MUT,26,27,2
4159,MUT,26,26,1
4160,MUT,26,32,19
4161,MUT,26,31,9
4162,MUT,27,30,4
4163,MUT,27,29,6
4164,MUT,27,31,8
4165,MUT,28,33,9
4166,MUT,28,28,1
4167,MUT,28,37,10
4168,MUT,29,30,2
4169,MUT,29,34,6
4170,MUT,29,45,23
4171,MUT,30,30,1
4172,MUT,30,32,3
4173,MUT,30,30,1
4174,MUT,30,32,3
4175,MUT,30,32,3
4176,MUT,30,31,2
4177,MUT,30,30,1
4178,MUT,31,31,1
4179,MUT,31,33,3
4180,MUT,31,31,1
4181,MUT,31,31,1
4182,MUT,31,31,1
4183,MUT,31,41,14
4184,MUT,32,33,2
4185,MUT,32,33,2
4186,MUT,32,35,4
4187,MUT,32,35,10
4188,MUT,33,33,1
4189,MUT,33,33,1
4190,MUT,33,33,1
4191,MUT,33,35,6
4192,MUT,33,34,2
4193,MUT,33,34,2
4194,MUT,33,33,1
4195,MUT,34,35,2
4196,MUT,34,35,2
4197,MUT,34,34,1
4198,MUT,34,34,1
4199,MUT,34,34,1
4200,MUT,34,34,1
4201,MUT,35,36,2
4202,MUT,35,35,1
4203,MUT,35,35,1
4204,MUT,35,39,5
4205,MUT,35,40,6
4206,MUT,35,35,1
4207,MUT,35,45,97
4208,MUT,35,35,1
4209,MUT,35,44,16
4210,MUT,36,36,1
4211,MUT,36,36,1
4212,MUT,36,40,5
4213,MUT,36,36,1
4214,MUT,36,36,1
4215,MUT,36,36,1
4216,MUT,37,37,1
4217,MUT,37,38,2
4218,MUT,37,37,1
4219,MUT,37,38,2
4220,MUT,37,45,67
4221,MUT,37,37,1
4222,MUT,38,45,14
4223,MUT,38,38,1
4224,MUT,38,39,2
4225,MUT,38,38,1
4226,MUT,39,39,1
4227,MUT,39,40,2
4228,MUT,39,41,3
4229,MUT,39,41,3
4230,MUT,39,39,1
4231,MUT,39,39,1
4232,MUT,40,45,9
4233,MUT,40,43,4
4234,MUT,40,43,10
4235,MUT,40,40,1
4236,MUT,40,40,1
4237,MUT,40,40,1
4238,MUT,40,40,1
4239,MUT,41,42,2
4240,MUT,42,45,4
4241,MUT,42,45,4
4242,MUT,42,45,7
4243,MUT,42,42,1
4244,MUT,43,43,1
4245,MUT,43,43,1
4246,MUT,43,43,1
4247,MUT,43,43,1
4248,MUT,43,45,11
4249,MUT,43,45,3
4250,MUT,43,45,6
4251,MUT,44,44,1
4252,MUT,44,44,1
4253,MUT,44,44,1
4254,MUT,45,45,1
4255,MUT,45,45,1
4256,MUT,45,45,1
4257,MUT,45,45,1
4258,MUT,45,45,1
4259,MUT,45,45,1
4260,MUT,45,45,1
4261,MUT,45,45,1
4262,MUT,45,45,1
